;;;;;;;;;;;;;;;;;;;;;;;;;;;;;;;;;;;;;;;;;;;;;;;;;;;;;;;;;;;;;;;;;;;;;;;;;;;;;;;;;;;;;;;;;;;;;;;;;;;;;;;;;;;;;;;;;;;;;;;;;;;;;;;;;;;;;;;;;;;;;;;;;;;;;;;;;;;;;;;;;;;;;;;;;;;;;;;;;;;;;;;;;;;;;;;;;;;;;;;;;;;;;;;;;;;;;;;;;;;;;;;;;;;;;;;;;;;;;;;;;;;;;;;;;;;;;;;;;;;;;;;;;;;;;;;;;;;;;;;;;;;;;;;;;;;;;;;;;;;;;;;;;;;;;;;;;;;;;;;;;;;;;;;;;;;;;;;;;;;;;;;;;;;;;;;;;;;;;;;;;;;;;;;;;;;
;;;;;;;;;;;;;;;;;;;;;;;;;;;;;;;;;;;;;;;;;;;;;;;;;;;;;;;;;;;;;;;;;;;;;;;;;;;;;;;;;;;;;;;;;;;;;;;;;;;;;;;;;;;;;;;;;;;;;;;;;;;;;;;;;;;;;;;;;;;;;;;;;;;;;;;;;;;;;;;;;;;;;;;;;;;;;;;;;;;;;;;;;;;;;;;;;;;;;;;;;;;;;;;;;;;;;;;;;;;;;;;;;;;;;;;;;;;;;;;;;;;;;;;;;;;;;;;;;;;;;;;;;;;;;;;;;;;;;;;;;;;;;;;;;;;;;;;;;;;;;;;;;;;;;;;;;;;;;;;;;;;;;;;;;;;;;;;;;;;;;;;;;;;;;;;;;;;;;;;;;;;;;;;;;;;
;;;;;;;;;;;;;;;;;;;;;;;;;;;;;;;;;;;;;;;;;;;;;;;;;;;;;;;;;;;;;;;;;;;;;;;;;;;;;;;;;;;;;;;;;;;;;;;;;;;;;;;;;;;;;;;;;;;;;;;;;;;;;;;;;;;;;;;;;;;;;;;;;;;;;;;;;;;;;;;;;;;;;;;;;;;;;;;;;;;;;;;;;;;;;;;;;;;;;;;;;;;;;;;;;;;;;;;;;;;;;;;;;;;;;;;;;;;;;;;;;;;;;;;;;;;;;;;;;;;;;;;;;;;;;;;;;;;;;;;;;;;;;;;;;;;;;;;;;;;;;;;;;;;;;;;;;;;;;;;;;;;;;;;;;;;;;;;;;;;;;;;;;;;;;;;;;;;;;;;;;;;;;;;;;;;
;;;;;;;;;;;;;;;;;;;;;;;;;;;;;;;;;;;;;;;;;;;;;;;;;;;;;;;;;;;;;;;;;;;;;;;;;;;;;;;;;;;;;;;;;;;;;;;;;;;;;;;;;;;;;;;;;;;;;;;;;;;;;;;;;;;;;;;;;;;;;;;;;;;;;;;;;;;;;;;;;;;;;;;;;;;;;;;;;;;;;;;;;;;;;;;;;;;;;;;;;;;;;;;;;;;;;;;;;;;;;;;;;;;;;;;;;;;;;;;;;;;;;;;;;;;;;;;;;;;;;;;;;;;;;;;;;;;;;;;;;;;;;;;;;;;;;;;;;;;;;;;;;;;;;;;;;;;;;;;;;;;;;;;;;;;;;;;;;;;;;;;;;;;;;;;;;;;;;;;;;;;;;;;;;;;
;;;;;;;;;;;;;;;;;;;;;;;;;;;;;;;;;;;;;;;;;;;;;;;;;;;;;;;;;;;;;;;;;;;;;;;;;;;;;;;;;;;;;;;;;;;;;;;;;;;;;;;;;;;;;;;;;;;;;;;;;;;;;;;;;;;;;;;;;;;;;;;;;;;;;;;;;;;;;;;;;;;;;;;;;;;;;;;;;;;;;;;;;;;;;;;;;;;;;;;;;;;;;;;;;;;;;;;;;;;;;;;;;;;;;;;;;;;;;;;;;;;;;;;;;;;;;;;;;;;;;;;;;;;;;;;;;;;;;;;;;;;;;;;;;;;;;;;;;;;;;;;;;;;;;;;;;;;;;;;;;;;;;;;;;;;;;;;;;;;;;;;;;;;;;;;;;;;;;;;;;;;;;;;;;;;
;;;;;;;PH;;;;;;;;;;;;;;;;;;;;;;;;;;;;;;;;;;;;;;;;;;;;;;;;;;;;;;;;;;;;;;;;;;;;;;;;;;;;;;;;;;;;;;;;;;;;PH;;;PH;;;;;;;;;;;;;;;;;;;;;;;;;PH;;;;;;;;;;;;;PH;;;;;;;;;;;PH;;;;;;;;;;LPH;;;;;;;;;;;;;;;;;;;;;;;;;;;;;;;;;;;;;;;;;;;;;;;;;;;;;;;;;;;;;;;;;;;;;;;;;;;;;;;;;;;;;;;;;;;;;;;;;;;;;;;;;;;;;;;;;;;;;;;;;PH;;;;;;;;;;;;;;;;;;;;;;;;;;;;;LPH;;;;;;;;;;;;;;;;;;;;;;;;;;;;;;;;;;;;;;;;;;;;;;;;;;;;;;PH;PH;;;;;
;ID;Name;Engagement;Primary Role;Secondary Role;Team Lead;1-Jan-26;2-Jan-26;3-Jan-26;4-Jan-26;5-Jan-26;6-Jan-26;7-Jan-26;8-Jan-26;9-Jan-26;10-Jan-26;11-Jan-26;12-Jan-26;13-Jan-26;14-Jan-26;15-Jan-26;16-Jan-26;17-Jan-26;18-Jan-26;19-Jan-26;20-Jan-26;21-Jan-26;22-Jan-26;23-Jan-26;24-Jan-26;25-Jan-26;26-Jan-26;27-Jan-26;28-Jan-26;29-Jan-26;30-Jan-26;31-Jan-26;1-Feb-26;2-Feb-26;3-Feb-26;4-Feb-26;5-Feb-26;6-Feb-26;7-Feb-26;8-Feb-26;9-Feb-26;10-Feb-26;11-Feb-26;12-Feb-26;13-Feb-26;14-Feb-26;15-Feb-26;16-Feb-26;17-Feb-26;18-Feb-26;19-Feb-26;20-Feb-26;21-Feb-26;22-Feb-26;23-Feb-26;24-Feb-26;25-Feb-26;26-Feb-26;27-Feb-26;28-Feb-26;1-Mar-26;2-Mar-26;3-Mar-26;4-Mar-26;5-Mar-26;6-Mar-26;7-Mar-26;8-Mar-26;9-Mar-26;10-Mar-26;11-Mar-26;12-Mar-26;13-Mar-26;14-Mar-26;15-Mar-26;16-Mar-26;17-Mar-26;18-Mar-26;19-Mar-26;20-Mar-26;21-Mar-26;22-Mar-26;23-Mar-26;24-Mar-26;25-Mar-26;26-Mar-26;27-Mar-26;28-Mar-26;29-Mar-26;30-Mar-26;31-Mar-26;1-Apr-26;2-Apr-26;3-Apr-26;4-Apr-26;5-Apr-26;6-Apr-26;7-Apr-26;8-Apr-26;9-Apr-26;10-Apr-26;11-Apr-26;12-Apr-26;13-Apr-26;14-Apr-26;15-Apr-26;16-Apr-26;17-Apr-26;18-Apr-26;19-Apr-26;20-Apr-26;21-Apr-26;22-Apr-26;23-Apr-26;24-Apr-26;25-Apr-26;26-Apr-26;27-Apr-26;28-Apr-26;29-Apr-26;30-Apr-26;1-May-26;2-May-26;3-May-26;4-May-26;5-May-26;6-May-26;7-May-26;8-May-26;9-May-26;10-May-26;11-May-26;12-May-26;13-May-26;14-May-26;15-May-26;16-May-26;17-May-26;18-May-26;19-May-26;20-May-26;21-May-26;22-May-26;23-May-26;24-May-26;25-May-26;26-May-26;27-May-26;28-May-26;29-May-26;30-May-26;31-May-26;1-Jun-26;2-Jun-26;3-Jun-26;4-Jun-26;5-Jun-26;6-Jun-26;7-Jun-26;8-Jun-26;9-Jun-26;10-Jun-26;11-Jun-26;12-Jun-26;13-Jun-26;14-Jun-26;15-Jun-26;16-Jun-26;17-Jun-26;18-Jun-26;19-Jun-26;20-Jun-26;21-Jun-26;22-Jun-26;23-Jun-26;24-Jun-26;25-Jun-26;26-Jun-26;27-Jun-26;28-Jun-26;29-Jun-26;30-Jun-26;1-Jul-26;2-Jul-26;3-Jul-26;4-Jul-26;5-Jul-26;6-Jul-26;7-Jul-26;8-Jul-26;9-Jul-26;10-Jul-26;11-Jul-26;12-Jul-26;13-Jul-26;14-Jul-26;15-Jul-26;16-Jul-26;17-Jul-26;18-Jul-26;19-Jul-26;20-Jul-26;21-Jul-26;22-Jul-26;23-Jul-26;24-Jul-26;25-Jul-26;26-Jul-26;27-Jul-26;28-Jul-26;29-Jul-26;30-Jul-26;31-Jul-26;1-Aug-26;2-Aug-26;3-Aug-26;4-Aug-26;5-Aug-26;6-Aug-26;7-Aug-26;8-Aug-26;9-Aug-26;10-Aug-26;11-Aug-26;12-Aug-26;13-Aug-26;14-Aug-26;15-Aug-26;16-Aug-26;17-Aug-26;18-Aug-26;19-Aug-26;20-Aug-26;21-Aug-26;22-Aug-26;23-Aug-26;24-Aug-26;25-Aug-26;26-Aug-26;27-Aug-26;28-Aug-26;29-Aug-26;30-Aug-26;31-Aug-26;1-Sep-26;2-Sep-26;3-Sep-26;4-Sep-26;5-Sep-26;6-Sep-26;7-Sep-26;8-Sep-26;9-Sep-26;10-Sep-26;11-Sep-26;12-Sep-26;13-Sep-26;14-Sep-26;15-Sep-26;16-Sep-26;17-Sep-26;18-Sep-26;19-Sep-26;20-Sep-26;21-Sep-26;22-Sep-26;23-Sep-26;24-Sep-26;25-Sep-26;26-Sep-26;27-Sep-26;28-Sep-26;29-Sep-26;30-Sep-26;1-Oct-26;2-Oct-26;3-Oct-26;4-Oct-26;5-Oct-26;6-Oct-26;7-Oct-26;8-Oct-26;9-Oct-26;10-Oct-26;11-Oct-26;12-Oct-26;13-Oct-26;14-Oct-26;15-Oct-26;16-Oct-26;17-Oct-26;18-Oct-26;19-Oct-26;20-Oct-26;21-Oct-26;22-Oct-26;23-Oct-26;24-Oct-26;25-Oct-26;26-Oct-26;27-Oct-26;28-Oct-26;29-Oct-26;30-Oct-26;31-Oct-26;1-Nov-26;2-Nov-26;3-Nov-26;4-Nov-26;5-Nov-26;6-Nov-26;7-Nov-26;8-Nov-26;9-Nov-26;10-Nov-26;11-Nov-26;12-Nov-26;13-Nov-26;14-Nov-26;15-Nov-26;16-Nov-26;17-Nov-26;18-Nov-26;19-Nov-26;20-Nov-26;21-Nov-26;22-Nov-26;23-Nov-26;24-Nov-26;25-Nov-26;26-Nov-26;27-Nov-26;28-Nov-26;29-Nov-26;30-Nov-26;1-Dec-26;2-Dec-26;3-Dec-26;4-Dec-26;5-Dec-26;6-Dec-26;7-Dec-26;8-Dec-26;9-Dec-26;10-Dec-26;11-Dec-26;12-Dec-26;13-Dec-26;14-Dec-26;15-Dec-26;16-Dec-26;17-Dec-26;18-Dec-26;19-Dec-26;20-Dec-26;21-Dec-26;22-Dec-26;23-Dec-26;24-Dec-26;25-Dec-26;26-Dec-26;27-Dec-26;28-Dec-26;29-Dec-26;30-Dec-26;31-Dec-26
;;;;;;;Thursday;Friday;Saturday;Sunday;Monday;Tuesday;Wednesday;Thursday;Friday;Saturday;Sunday;Monday;Tuesday;Wednesday;Thursday;Friday;Saturday;Sunday;Monday;Tuesday;Wednesday;Thursday;Friday;Saturday;Sunday;Monday;Tuesday;Wednesday;Thursday;Friday;Saturday;Sunday;Monday;Tuesday;Wednesday;Thursday;Friday;Saturday;Sunday;Monday;Tuesday;Wednesday;Thursday;Friday;Saturday;Sunday;Monday;Tuesday;Wednesday;Thursday;Friday;Saturday;Sunday;Monday;Tuesday;Wednesday;Thursday;Friday;Saturday;Sunday;Monday;Tuesday;Wednesday;Thursday;Friday;Saturday;Sunday;Monday;Tuesday;Wednesday;Thursday;Friday;Saturday;Sunday;Monday;Tuesday;Wednesday;Thursday;Friday;Saturday;Sunday;Monday;Tuesday;Wednesday;Thursday;Friday;Saturday;Sunday;Monday;Tuesday;Wednesday;Thursday;Friday;Saturday;Sunday;Monday;Tuesday;Wednesday;Thursday;Friday;Saturday;Sunday;Monday;Tuesday;Wednesday;Thursday;Friday;Saturday;Sunday;Monday;Tuesday;Wednesday;Thursday;Friday;Saturday;Sunday;Monday;Tuesday;Wednesday;Thursday;Friday;Saturday;Sunday;Monday;Tuesday;Wednesday;Thursday;Friday;Saturday;Sunday;Monday;Tuesday;Wednesday;Thursday;Friday;Saturday;Sunday;Monday;Tuesday;Wednesday;Thursday;Friday;Saturday;Sunday;Monday;Tuesday;Wednesday;Thursday;Friday;Saturday;Sunday;Monday;Tuesday;Wednesday;Thursday;Friday;Saturday;Sunday;Monday;Tuesday;Wednesday;Thursday;Friday;Saturday;Sunday;Monday;Tuesday;Wednesday;Thursday;Friday;Saturday;Sunday;Monday;Tuesday;Wednesday;Thursday;Friday;Saturday;Sunday;Monday;Tuesday;Wednesday;Thursday;Friday;Saturday;Sunday;Monday;Tuesday;Wednesday;Thursday;Friday;Saturday;Sunday;Monday;Tuesday;Wednesday;Thursday;Friday;Saturday;Sunday;Monday;Tuesday;Wednesday;Thursday;Friday;Saturday;Sunday;Monday;Tuesday;Wednesday;Thursday;Friday;Saturday;Sunday;Monday;Tuesday;Wednesday;Thursday;Friday;Saturday;Sunday;Monday;Tuesday;Wednesday;Thursday;Friday;Saturday;Sunday;Monday;Tuesday;Wednesday;Thursday;Friday;Saturday;Sunday;Monday;Tuesday;Wednesday;Thursday;Friday;Saturday;Sunday;Monday;Tuesday;Wednesday;Thursday;Friday;Saturday;Sunday;Monday;Tuesday;Wednesday;Thursday;Friday;Saturday;Sunday;Monday;Tuesday;Wednesday;Thursday;Friday;Saturday;Sunday;Monday;Tuesday;Wednesday;Thursday;Friday;Saturday;Sunday;Monday;Tuesday;Wednesday;Thursday;Friday;Saturday;Sunday;Monday;Tuesday;Wednesday;Thursday;Friday;Saturday;Sunday;Monday;Tuesday;Wednesday;Thursday;Friday;Saturday;Sunday;Monday;Tuesday;Wednesday;Thursday;Friday;Saturday;Sunday;Monday;Tuesday;Wednesday;Thursday;Friday;Saturday;Sunday;Monday;Tuesday;Wednesday;Thursday;Friday;Saturday;Sunday;Monday;Tuesday;Wednesday;Thursday;Friday;Saturday;Sunday;Monday;Tuesday;Wednesday;Thursday;Friday;Saturday;Sunday;Monday;Tuesday;Wednesday;Thursday;Friday;Saturday;Sunday;Monday;Tuesday;Wednesday;Thursday;Friday;Saturday;Sunday;Monday;Tuesday;Wednesday;Thursday;Friday;Saturday;Sunday;Monday;Tuesday;Wednesday;Thursday;Friday;Saturday;Sunday;Monday;Tuesday;Wednesday;Thursday;Friday;Saturday;Sunday;Monday;Tuesday;Wednesday;Thursday
1;9074584;Teresa Kwasniewska;Full Time;Voice;Voice;Jaroslaw Brzeszkiewicz;PH;06:00 - 15:00;OFFWE;OFFWE;06:00 - 15:00;06:00 - 15:00;06:00 - 15:00;06:00 - 15:00;06:00 - 15:00;OFFWE;OFFWE;06:00 - 15:00;06:00 - 15:00;06:00 - 15:00;06:00 - 15:00;AL;OFFWE;OFFWE;AL;AL;AL;AL;AL;OFFWE;OFFWE;AL;06:00 - 15:00;06:00 - 15:00;06:00 - 15:00;06:00 - 15:00;OFFWE;OFFWE;06:00 - 15:00;06:00 - 15:00;06:00 - 15:00;06:00 - 15:00;06:00 - 15:00;OFFWE;OFFWE;06:00 - 15:00;06:00 - 15:00;06:00 - 15:00;HSL *;SL;OFFWE;OFFWE;06:00 - 15:00;06:00 - 15:00;06:00 - 15:00;06:00 - 15:00;06:00 - 15:00;OFFWE;OFFWE;06:00 - 15:00;06:00 - 15:00;06:00 - 15:00;06:00 - 15:00;06:00 - 15:00;OFFWE;OFFWE;06:00 - 15:00;06:00 - 15:00;06:00 - 15:00;06:00 - 15:00;06:00 - 15:00;OFFWE;OFFWE;06:00 - 15:00;06:00 - 15:00;06:00 - 15:00;06:00 - 15:00;06:00 - 15:00;OFFWE;OFFWE;06:00 - 15:00;06:00 - 15:00;06:00 - 15:00;06:00 - 15:00;06:00 - 15:00;OFFWE;OFFWE;06:00 - 15:00;06:00 - 15:00;06:00 - 15:00;06:00 - 15:00;06:00 - 15:00;OFFWE;OFFWE;06:00 - 15:00;06:00 - 15:00;06:00 - 15:00;06:00 - 15:00;PH;OFFWE;OFFWE;PH;06:00 - 15:00;06:00 - 15:00;06:00 - 15:00;06:00 - 15:00;OFFWE;OFFWE;AL;AL;AL;AL;AL;OFFWE;OFFWE;06:00 - 15:00;06:00 - 15:00;06:00 - 15:00;06:00 - 15:00;06:00 - 15:00;OFFWE;OFFWE;06:00 - 15:00;06:00 - 15:00;06:00 - 15:00;06:00 - 15:00;PH;OFFWE;OFFWE;06:00 - 15:00;06:00 - 15:00;06:00 - 15:00;06:00 - 15:00;06:00 - 15:00;OFFWE;OFFWE;SL;SL;06:00 - 15:00;PH;06:00 - 15:00;OFFWE;OFFWE;06:00 - 15:00;06:00 - 15:00;06:00 - 15:00;06:00 - 15:00;06:00 - 15:00;OFFWE;OFFWE;PH;06:00 - 15:00;06:00 - 15:00;06:00 - 15:00;06:00 - 15:00;OFFWE;OFFWE;06:00 - 15:00;06:00 - 15:00;06:00 - 15:00;LPH;06:00 - 15:00;OFFWE;OFFWE;;;;;;;;;;;;;;;;;;;;;;;;;;;;;;;;;;;;;;;;;;;;;;;;;;;;;;;;;;;;;;;;;;;;;;;;;;;;;;;;;;;;;;;;;;;;;;;;;;;;;;;;;;;;;;;;;;;;;;;;;;;;;;;;;;;;;;;;;;;;;;;;;;;;;;;;;;;;;;;;;;;;;;;;;;;;;;;;;;;;;;;;;;;;;;;;;;;;;;;;;;;;;;;
2;9074334;Aleksandrina Dencheva ;Full Time;Voice;Voice;Delia Panaitescu;PH;OFF;22:00 - 07:00;22:00 - 07:00;22:00 - 07:00;22:00 - 07:00;22:00 - 07:00;OFF;OFF;13:00 - 22:00;13:00 - 22:00;OFF;OFF;10:00 - 19:00;10:00 - 19:00;10:00 - 19:00;13:00 - 22:00;13:00 - 22:00;OFF;OFF;10:00 - 19:00;22:00 - 07:00;22:00 - 07:00;22:00 - 07:00;22:00 - 07:00;OFF;10:00 - 19:00;10:00 - 19:00;10:00 - 19:00;10:00 - 19:00;OFFWE;13:00 - 22:00;10:00 - 19:00;10:00 - 19:00;10:00 - 19:00;OFF;OFF;13:00 - 22:00;13:00 - 22:00;22:00 - 07:00;22:00 - 07:00;22:00 - 07:00;OFF;OFF;13:00 - 22:00;13:00 - 22:00;10:00 - 19:00;10:00 - 19:00;10:00 - 19:00;OFF;08:00 - 17:00;13:00 - 22:00;OFFWE;OFF;10:00 - 19:00;10:00 - 19:00;OFF;22:00 - 07:00;22:00 - 07:00;22:00 - 07:00;22:00 - 07:00;22:00 - 07:00;OFF;08:00 - 17:00;08:00 - 17:00;13:00 - 22:00;OFFWE;08:00 - 17:00;08:00 - 17:00;08:00 - 17:00;OFF;OFF;13:00 - 22:00;13:00 - 22:00;22:00 - 07:00;22:00 - 07:00;22:00 - 07:00;OFF;SL;13:00 - 22:00;OFFWE;13:00 - 22:00;13:00 - 22:00;13:00 - 22:00;13:00 - 22:00;OFF;OFFWE;13:00 - 22:00;OFF;22:00 - 07:00;22:00 - 07:00;22:00 - 07:00;22:00 - 07:00;22:00 - 07:00;OFFWE;PH;08:00 - 17:00;08:00 - 17:00;08:00 - 17:00;OFF;13:00 - 22:00;13:00 - 22:00;22:00 - 07:00;22:00 - 07:00;22:00 - 07:00;OFF;OFF;13:00 - 22:00;13:00 - 22:00;CD;08:00 - 17:00;08:00 - 17:00;OFF;OFF;13:00 - 22:00;13:00 - 22:00;22:00 - 07:00;22:00 - 07:00;22:00 - 07:00;OFF;PH;13:00 - 22:00;13:00 - 22:00;OFF;08:00 - 17:00;08:00 - 17:00;08:00 - 17:00;08:00 - 17:00;OFF;13:00 - 22:00;06:00 - 15:00;06:00 - 15:00;06:00 - 15:00;13:00 - 22:00;OFF;22:00 - 07:00;22:00 - 07:00;22:00 - 07:00;22:00 - 07:00;22:00 - 07:00;OFF;08:00 - 17:00;OFFWE;OFFWE;PH;OFF;08:00 - 17:00;08:00 - 17:00;08:00 - 17:00;13:00 - 22:00;13:00 - 22:00;OFF;07:00 - 16:00;07:00 - 16:00;LPH;22:00 - 07:00;22:00 - 07:00;22:00 - 07:00;22:00 - 07:00;22:00 - 07:00;;;;;;;;;;;;;;;;22:00 - 07:00;22:00 - 07:00;22:00 - 07:00;22:00 - 07:00;22:00 - 07:00;;;;;;;;;;;;;;;;;;;;;;;;;;;;;;;;;;;;;;;;;;;;;;;;;;;;;;;;;;;;;;;;;;;;;;;;;;;;;;;;;;;;;;;;;;;;;;;;;;;;;;;;;;;;;;;;;;;;;;;;;;;;;;;;;;;;;;;;;;;;;;;;;;;;;;;;;;;;;;;;;;;;;;;;;;;;;;;;;;;;;;;;;
3;9074375;Elena  Schlosser;Full Time;Voice;Voice;Karlo Coric????? ;PH;07:00 - 16:00;07:00 - 16:00;07:00 - 16:00;07:00 - 16:00;07:00 - 16:00;OFF;OFF;07:00 - 16:00;07:00 - 16:00;OFFWE;HAL *;07:00 - 16:00;OFF;07:00 - 16:00;07:00 - 16:00;07:00 - 16:00;OFFWE;07:00 - 16:00;07:00 - 16:00;OFF;07:00 - 16:00;07:00 - 16:00;07:00 - 16:00;OFFWE;07:00 - 16:00;07:00 - 16:00;OFF;07:00 - 16:00;07:00 - 16:00;07:00 - 16:00;OFFWE;07:00 - 16:00;07:00 - 16:00;OFF;07:00 - 16:00;07:00 - 16:00;07:00 - 16:00;OFFWE;07:00 - 16:00;07:00 - 16:00;OFF;07:00 - 16:00;07:00 - 16:00;07:00 - 16:00;OFFWE;07:00 - 16:00;07:00 - 16:00;OFF;07:00 - 16:00;07:00 - 16:00;07:00 - 16:00;OFFWE;07:00 - 16:00;07:00 - 16:00;OFF;07:00 - 16:00;07:00 - 16:00;07:00 - 16:00;OFFWE;07:00 - 16:00;07:00 - 16:00;OFF;07:00 - 16:00;07:00 - 16:00;07:00 - 16:00;OFFWE;07:00 - 16:00;07:00 - 16:00;OFF;07:00 - 16:00;07:00 - 16:00;07:00 - 16:00;OFFWE;07:00 - 16:00;07:00 - 16:00;OFF;07:00 - 16:00;07:00 - 16:00;07:00 - 16:00;OFFWE;07:00 - 16:00;HAL *;OFF;07:00 - 16:00;07:00 - 16:00;07:00 - 16:00;OFFWE;07:00 - 16:00;07:00 - 16:00;OFF;07:00 - 16:00;07:00 - 16:00;07:00 - 16:00;OFFWE;07:00 - 16:00;07:00 - 16:00;OFF;07:00 - 16:00;07:00 - 16:00;07:00 - 16:00;OFFWE;07:00 - 16:00;07:00 - 16:00;OFF;07:00 - 16:00;07:00 - 16:00;07:00 - 16:00;OFFWE;AL;AL;OFF;CD;AL;OFFWE;OFFWE;AL;CD;OFF;07:00 - 16:00;07:00 - 16:00;OFFWE;OFFWE;07:00 - 16:00;07:00 - 16:00;07:00 - 16:00;OFF;OFF;07:00 - 16:00;07:00 - 16:00;OFF;07:00 - 16:00;07:00 - 16:00;07:00 - 16:00;CD;07:00 - 16:00;OFF;07:00 - 16:00;07:00 - 16:00;07:00 - 16:00;OFF;OFF;07:00 - 16:00;07:00 - 16:00;PH;07:00 - 16:00;07:00 - 16:00;07:00 - 16:00;07:00 - 16:00;07:00 - 16:00;OFFWE;07:00 - 16:00;07:00 - 16:00;OFF;LPH;07:00 - 16:00;07:00 - 16:00;07:00 - 16:00;;;;;;;;;;;;;;;;;;;;;;;;;;;;;;;;;;;;;;;;;;;;;;;;;;;;;;;;;;;;;;;;;;;;;;;;;;;;;;;;;;;;;;;;;;;;;;;;;;;;;;;;;;;;;;;;;;;;;;;;;;;;;;;;;;;;;;;;;;;;;;;;;;;;;;;;;;;;;;;;;;;;;;;;;;;;;;;;;;;;;;;;;;;;;;;;;;;;;;;;;;;;;;;
4;9074535;Lubomir Stoyanov;Full Time;Voice;Voice;Delia Panaitescu;22:00 - 07:00;22:00 - 07:00;OFFWE;OFFWE;06:00 - 15:00;CD;CD;22:00 - 07:00;22:00 - 07:00;22:00 - 07:00;22:00 - 07:00;CD;06:00 - 15:00;06:00 - 15:00;06:00 - 15:00;06:00 - 15:00;OFFWE;OFFWE;06:00 - 15:00;06:00 - 15:00;06:00 - 15:00;06:00 - 15:00;06:00 - 15:00;OFFWE;OFFWE;22:00 - 07:00;22:00 - 07:00;22:00 - 07:00;22:00 - 07:00;22:00 - 07:00;OFFWE;OFFWE;06:00 - 15:00;AL;07:00 - 16:00;06:00 - 15:00;AL;OFFWE;OFFWE;06:00 - 15:00;AL;06:00 - 15:00;06:00 - 15:00;06:00 - 15:00;OFFWE;OFFWE;OFF;AL;22:00 - 07:00;22:00 - 07:00;22:00 - 07:00;22:00 - 07:00;22:00 - 07:00;OFF;AL;06:00 - 15:00;06:00 - 15:00;06:00 - 15:00;OFFWE;OFFWE;06:00 - 15:00;AL;06:00 - 15:00;06:00 - 15:00;06:00 - 15:00;OFFWE;07:00 - 16:00;OFF;AL;22:00 - 07:00;22:00 - 07:00;22:00 - 07:00;22:00 - 07:00;OFFWE;OFF;AL;06:00 - 15:00;06:00 - 15:00;OFF;OFFWE;07:00 - 16:00;06:00 - 15:00;AL;06:00 - 15:00;OFF;06:00 - 15:00;22:00 - 07:00;22:00 - 07:00;22:00 - 07:00;AL;06:00 - 15:00;06:00 - 15:00;PH;OFFWE;07:00 - 16:00;22:00 - 07:00;AL;07:00 - 16:00;OFF;06:00 - 15:00;22:00 - 07:00;22:00 - 07:00;CD;AL;06:00 - 15:00;22:00 - 07:00;22:00 - 07:00;OFFWE;OFFWE;06:00 - 15:00;OFF;OFF;06:00 - 15:00;22:00 - 07:00;22:00 - 07:00;22:00 - 07:00;OFF;SL;07:00 - 16:00;06:00 - 15:00;22:00 - 07:00;22:00 - 07:00;OFFWE;06:00 - 15:00;06:00 - 15:00;06:00 - 15:00;06:00 - 15:00;06:00 - 15:00;OFFWE;OFFWE;22:00 - 07:00;22:00 - 07:00;22:00 - 07:00;22:00 - 07:00;22:00 - 07:00;OFFWE;OFFWE;06:00 - 15:00;06:00 - 15:00;06:00 - 15:00;06:00 - 15:00;06:00 - 15:00;OFFWE;OFFWE;PH;OFF;22:00 - 07:00;22:00 - 07:00;22:00 - 07:00;22:00 - 07:00;22:00 - 07:00;OFF;06:00 - 15:00;06:00 - 15:00;06:00 - 15:00;06:00 - 15:00;OFFWE;OFFWE;AL;AL;AL;AL;;;;22:00 - 07:00;22:00 - 07:00;22:00 - 07:00;22:00 - 07:00;22:00 - 07:00;;;;;;;;;;;;;;;;;;;;;;;;;;;;;;;;;;;;;;;;;;;;;;;;;;;;;;;;;;;AL;AL;AL;AL;AL;;;AL;;;;;;;;;;;;;;;;;;;;;;;;;;;;;;;;;;;;;;;;;;;;;;;;;;;;;;;;;;;;;;;;;;;;;;;;;;;;;;;;;;;;;;;;;;;;;;;;;;;;;;;;;;;;;;;;;;;;;;;;;;;;;;;;;
5;9074356;Christian Koch;Full Time;Voice;Voice;Tobias Rossberg;13:00 - 22:00;CD;OFFWE;OFFWE;13:00 - 22:00;13:00 - 22:00;13:00 - 22:00;13:00 - 22:00;CD;OFFWE;OFFWE;13:00 - 22:00;13:00 - 22:00;13:00 - 22:00;13:00 - 22:00;13:00 - 22:00;OFFWE;OFFWE;13:00 - 22:00;13:00 - 22:00;13:00 - 22:00;13:00 - 22:00;13:00 - 22:00;OFFWE;OFFWE;CD;13:00 - 22:00;13:00 - 22:00;13:00 - 22:00;13:00 - 22:00;OFFWE;OFFWE;13:00 - 22:00;13:00 - 22:00;13:00 - 22:00;13:00 - 22:00;13:00 - 22:00;OFFWE;OFFWE;13:00 - 22:00;13:00 - 22:00;13:00 - 22:00;13:00 - 22:00;13:00 - 22:00;OFFWE;OFFWE;13:00 - 22:00;13:00 - 22:00;13:00 - 22:00;13:00 - 22:00;13:00 - 22:00;OFFWE;OFFWE;13:00 - 22:00;13:00 - 22:00;13:00 - 22:00;13:00 - 22:00;13:00 - 22:00;OFFWE;OFFWE;13:00 - 22:00;13:00 - 22:00;13:00 - 22:00;13:00 - 22:00;13:00 - 22:00;OFFWE;OFFWE;SL;SL;SL;SL;SL;OFFWE;OFFWE;13:00 - 22:00;13:00 - 22:00;13:00 - 22:00;13:00 - 22:00;13:00 - 22:00;OFFWE;OFFWE;AL;AL;AL;AL;AL;OFFWE;OFFWE;13:00 - 22:00;13:00 - 22:00;13:00 - 22:00;13:00 - 22:00;13:00 - 22:00;OFFWE;OFFWE;13:00 - 22:00;13:00 - 22:00;13:00 - 22:00;13:00 - 22:00;13:00 - 22:00;OFFWE;OFFWE;13:00 - 22:00;13:00 - 22:00;13:00 - 22:00;13:00 - 22:00;13:00 - 22:00;OFFWE;OFFWE;CD;13:00 - 22:00;13:00 - 22:00;13:00 - 22:00;13:00 - 22:00;OFFWE;OFFWE;CD;13:00 - 22:00;13:00 - 22:00;13:00 - 22:00;13:00 - 22:00;OFFWE;OFFWE;13:00 - 22:00;13:00 - 22:00;13:00 - 22:00;13:00 - 22:00;13:00 - 22:00;OFFWE;OFFWE;13:00 - 22:00;13:00 - 22:00;13:00 - 22:00;PH;13:00 - 22:00;OFFWE;OFFWE;AL;OL;13:00 - 22:00;13:00 - 22:00;13:00 - 22:00;OFFWE;OFFWE;13:00 - 22:00;CD;13:00 - 22:00;13:00 - 22:00;13:00 - 22:00;OFFWE;OFFWE;13:00 - 22:00;13:00 - 22:00;13:00 - 22:00;13:00 - 22:00;13:00 - 22:00;OFFWE;OFFWE;;;;SL;;;;;;;;;;;;;;;;;;;;;;AL;OFFWE;OFFWE;AL;AL;AL;AL;AL;OFFWE;OFFWE;AL;AL;AL;AL;AL;OFFWE;OFFWE;;;;;;;;;;;;;;;;;;;;;;;;;;;;;;;;;;;;;;;;;;;;;;;;;;;;;;;;;;;;;;;;;;;;;;;;;;;;;;AL;AL;AL;AL;AL;;;;;;;;;;;;;;;;;;;;;;;;;;;;;;;;;;;;;;;;;;;;;;;;;;;;;;;;;;;AL;AL;AL;AL;AL;;;;;;;;;;;;;;;;;;;;
6;9074563;Ralf Turski;Full Time;Voice;Voice;Karlo Coric????? ;PH;08:00 - 17:00;OFFWE;OFFWE;08:00 - 17:00;08:00 - 17:00;08:00 - 17:00;08:00 - 17:00;08:00 - 17:00;OFFWE;OFFWE;08:00 - 17:00;08:00 - 17:00;08:00 - 17:00;08:00 - 17:00;08:00 - 17:00;OFFWE;OFFWE;08:00 - 17:00;SL;08:00 - 17:00;HSL *;SL;OFFWE;OFFWE;SL;SL;SL;SL;SL;OFFWE;OFFWE;08:00 - 17:00;08:00 - 17:00;08:00 - 17:00;08:00 - 17:00;08:00 - 17:00;OFFWE;OFFWE;08:00 - 17:00;08:00 - 17:00;08:00 - 17:00;08:00 - 17:00;08:00 - 17:00;OFFWE;OFFWE;08:00 - 17:00;08:00 - 17:00;08:00 - 17:00;08:00 - 17:00;08:00 - 17:00;OFFWE;OFFWE;AL;AL;AL;AL;AL;OFFWE;OFFWE;08:00 - 17:00;08:00 - 17:00;08:00 - 17:00;08:00 - 17:00;08:00 - 17:00;OFFWE;OFFWE;08:00 - 17:00;08:00 - 17:00;08:00 - 17:00;08:00 - 17:00;08:00 - 17:00;OFFWE;OFFWE;08:00 - 17:00;08:00 - 17:00;08:00 - 17:00;08:00 - 17:00;08:00 - 17:00;OFFWE;OFFWE;08:00 - 17:00;08:00 - 17:00;08:00 - 17:00;08:00 - 17:00;08:00 - 17:00;OFFWE;OFFWE;AL;AL;AL;AL;PH;OFFWE;OFFWE;PH;AL;AL;AL;AL;OFFWE;OFFWE;08:00 - 17:00;08:00 - 17:00;08:00 - 17:00;08:00 - 17:00;08:00 - 17:00;OFFWE;OFFWE;08:00 - 17:00;08:00 - 17:00;08:00 - 17:00;08:00 - 17:00;08:00 - 17:00;OFFWE;OFFWE;AL;08:00 - 17:00;08:00 - 17:00;08:00 - 17:00;PH;OFFWE;OFFWE;08:00 - 17:00;08:00 - 17:00;08:00 - 17:00;08:00 - 17:00;08:00 - 17:00;OFFWE;OFFWE;AL;AL;AL;PH;AL;OFFWE;OFFWE;08:00 - 17:00;08:00 - 17:00;08:00 - 17:00;08:00 - 17:00;08:00 - 17:00;OFFWE;OFFWE;PH;08:00 - 17:00;08:00 - 17:00;08:00 - 17:00;08:00 - 17:00;OFFWE;OFFWE;;;;;AL;OFFWE;OFFWE;;;;;;;;;;;;;;;;;;;;;;;;;;;;;;;;;;;;;;;;;;;;;;;;;;;;;;;;;;;;;;;;;;;;;;;;;;;;;;;;;;;;;;;;;;;;;;;;;;;;;;;;;;;;;;;;;;;;;;;;;;;;;;;;;;;;;;;;;;;;;;;;;;;;;;;;;;;;;;;;;;;;;;;;;;;;;;;;;;;;;;;;;;;;;;;;;;;;;AL;AL;AL;AL;;;;AL;AL;AL;AL
7;9074363;Danny Bendig;Full Time;Voice;Voice;Karlo Coric????? ;PH;07:00 - 11:00 15:30 - 19:00;OFFWE;OFFWE;HSL *;SL;SL;SL;SL;SL;SL;SL;SL;SL;SL;SL;OFFWE;OFFWE;07:00 - 11:00 15:30 - 19:00;07:00 - 11:00 15:30 - 19:00;07:00 - 11:00 15:30 - 19:00;07:00 - 11:00 15:30 - 19:00;07:00 - 11:00 15:30 - 19:00;OFFWE;OFFWE;07:00 - 11:00 15:30 - 19:00;07:00 - 11:00 15:30 - 19:00;07:00 - 11:00 15:30 - 19:00;07:00 - 11:00 15:30 - 19:00;07:00 - 11:00 15:30 - 19:00;OFFWE;OFFWE;07:00 - 11:00 15:30 - 19:00;07:00 - 11:00 15:30 - 19:00;07:00 - 11:00 15:30 - 19:00;07:00 - 11:00 15:30 - 19:00;07:00 - 11:00 15:30 - 19:00;OFFWE;OFFWE;07:00 - 11:00 15:30 - 19:00;07:00 - 11:00 15:30 - 19:00;07:00 - 11:00 15:30 - 19:00;07:00 - 11:00 15:30 - 19:00;07:00 - 11:00 15:30 - 19:00;OFFWE;OFFWE;07:00 - 11:00 15:30 - 19:00;07:00 - 11:00 15:30 - 19:00;07:00 - 11:00 15:30 - 19:00;07:00 - 11:00 15:30 - 19:00;07:00 - 11:00 15:30 - 19:00;OFFWE;OFFWE;AL;AL;AL;AL;AL;OFFWE;OFFWE;07:00 - 11:00 15:30 - 19:00;07:00 - 11:00 15:30 - 19:00;07:00 - 11:00 15:30 - 19:00;07:00 - 11:00 15:30 - 19:00;07:00 - 11:00 15:30 - 19:00;OFFWE;OFFWE;07:00 - 11:00 15:30 - 19:00;07:00 - 11:00 15:30 - 19:00;07:00 - 11:00 15:30 - 19:00;07:00 - 11:00 15:30 - 19:00;07:00 - 11:00 15:30 - 19:00;OFFWE;OFFWE;07:00 - 11:00 15:30 - 19:00;07:00 - 11:00 15:30 - 19:00;07:00 - 11:00 15:30 - 19:00;07:00 - 11:00 15:30 - 19:00;07:00 - 11:00 15:30 - 19:00;OFFWE;OFFWE;07:00 - 11:00 15:30 - 19:00;07:00 - 11:00 15:30 - 19:00;07:00 - 11:00 15:30 - 19:00;07:00 - 11:00 15:30 - 19:00;07:00 - 11:00 15:30 - 19:00;OFFWE;OFFWE;07:00 - 11:00 15:30 - 19:00;07:00 - 11:00 15:30 - 19:00;07:00 - 11:00 15:30 - 19:00;07:00 - 11:00 15:30 - 19:00;PH;OFFWE;OFFWE;PH;07:00 - 11:00 15:30 - 19:00;07:00 - 11:00 15:30 - 19:00;WIC                                       08:00 - 17:00;WIC                                       08:00 - 17:00;OFFWE;OFFWE;WIC                                       08:00 - 17:00;WIC                                       08:00 - 17:00;WIC                                       08:00 - 17:00;WIC                                       08:00 - 17:00;WIC                                       08:00 - 17:00;OFFWE;OFFWE;WIC                                       08:00 - 17:00;WIC                                       08:00 - 17:00;WIC                                       08:00 - 17:00;WIC                                       08:00 - 17:00;WIC                                       08:00 - 17:00;OFFWE;OFFWE;AL;AL;AL;AL;PH;OFFWE;OFFWE;AL;AL;AL;AL;AL;OFFWE;OFFWE;WIC                                       08:00 - 17:00;WIC                                       08:00 - 17:00;WIC                                       08:00 - 17:00;PH;WIC                                       08:00 - 17:00;OFFWE;OFFWE;WIC                                       08:00 - 17:00;WIC                                       08:00 - 17:00;WIC                                       08:00 - 17:00;WIC                                       08:00 - 17:00;WIC                                       08:00 - 17:00;OFFWE;OFFWE;PH;WIC                                       08:00 - 17:00;WIC                                       08:00 - 17:01;WIC                                       08:00 - 17:02;WIC                                       08:00 - 17:03;OFFWE;OFFWE;;;;;;;;;;;;;;;;;;;;;;;;;;;;;;;;;;;;;;;;;;;;;;;;;;;;;;;;;;;;;;;;;;;;;;;;;;;;;;;;;;;;;;;;;;;;;;;;;;;;;;;;;;;;;;;;;;;;;;;;;;;;;;;;;;;;;;;;;;;;;;;;;;;;;;;;;;;;;;;;;;;;;;;;;;;;;;;;;;;;;;;;;;;;;;;;;;;;;;;;;;;;;;;;;;;;;;
8;9074350;Baschir Mahrufi;Full Time;SSP;Voice;Tobias Rossberg;PH;07:00 - 16:00;OFFWE;OFFWE;07:00 - 16:00;07:00 - 16:00;07:00 - 16:00;07:00 - 16:00;07:00 - 16:00;OFFWE;OFFWE;07:00 - 16:00;07:00 - 16:00;07:00 - 16:00;07:00 - 16:00;07:00 - 16:00;OFFWE;OFFWE;07:00 - 16:00;07:00 - 16:00;07:00 - 16:00;07:00 - 16:00;07:00 - 16:00;OFFWE;OFFWE;07:00 - 16:00;07:00 - 16:00;07:00 - 16:00;07:00 - 16:00;07:00 - 16:00;OFFWE;OFFWE;07:00 - 16:00;07:00 - 16:00;07:00 - 16:00;07:00 - 16:00;07:00 - 16:00;OFFWE;OFFWE;07:00 - 16:00;AL;07:00 - 16:00;07:00 - 16:00;07:00 - 16:00;OFFWE;OFFWE;07:00 - 16:00;07:00 - 16:00;07:00 - 16:00;07:00 - 16:00;07:00 - 16:00;OFFWE;OFFWE;07:00 - 16:00;07:00 - 16:00;07:00 - 16:00;07:00 - 16:00;07:00 - 16:00;OFFWE;OFFWE;07:00 - 16:00;07:00 - 16:00;07:00 - 16:00;07:00 - 16:00;07:00 - 16:00;OFFWE;OFFWE;07:00 - 16:00;07:00 - 16:00;07:00 - 16:00;07:00 - 16:00;07:00 - 16:00;OFFWE;OFFWE;07:00 - 16:00;07:00 - 16:00;07:00 - 16:00;07:00 - 16:00;07:00 - 16:00;OFFWE;OFFWE;07:00 - 16:00;07:00 - 16:00;07:00 - 16:00;07:00 - 16:00;07:00 - 16:00;OFFWE;OFFWE;07:00 - 16:00;07:00 - 16:00;07:00 - 16:00;07:00 - 16:00;PH;OFFWE;OFFWE;PH;07:00 - 16:00;07:00 - 16:00;07:00 - 16:00;07:00 - 16:00;OFFWE;OFFWE;07:00 - 16:00;07:00 - 16:00;07:00 - 16:00;07:00 - 16:00;07:00 - 16:00;OFFWE;OFFWE;07:00 - 16:00;07:00 - 16:00;07:00 - 16:00;07:00 - 16:00;07:00 - 16:00;OFFWE;OFFWE;07:00 - 16:00;07:00 - 16:00;07:00 - 16:00;07:00 - 16:00;PH;OFFWE;OFFWE;07:00 - 16:00;07:00 - 16:00;07:00 - 16:00;07:00 - 16:00;07:00 - 16:00;OFFWE;OFFWE;07:00 - 16:00;07:00 - 16:00;07:00 - 16:00;PH;07:00 - 16:00;OFFWE;OFFWE;AL;AL;AL;AL;AL;OFFWE;OFFWE;PH;08:00 - 17:00;08:00 - 17:00;08:00 - 17:00;08:00 - 17:00;OFFWE;OFFWE;;;;;;;;;;;;;;;;;;;;;;;;;AL;AL;;;AL;AL;AL;AL;AL;;;;;;;;;;;;;;;;;AL;AL;AL;AL;AL;;;AL;AL;AL;AL;AL;;;;;;;;;;;;;;;;;;;;;;;;;;;;;;;;;;;;;;;;;;;;;;;;;;;;;;;;;;;;;;;;;;;;;;;;;;;;;;;;;;;;;;;;;;;;;;;;;;;;;;;;;;;;;;;;;;;;;;;;;;;;;;;;;;;;;;;;;;;;;;;;;;;;;;;;;
9;9074364;Darjusch Dropczinsky;Full Time;Voice;Voice;Tobias Rossberg;PH;08:00 - 17:00;OFFWE;OFFWE;08:00 - 17:00;08:00 - 17:00;08:00 - 17:00;08:00 - 17:00;* HSL;OFFWE;OFFWE;08:00 - 17:00;08:00 - 17:00;08:00 - 17:00;08:00 - 17:00;08:00 - 17:00;OFFWE;OFFWE;08:00 - 17:00;08:00 - 17:00;08:00 - 17:00;08:00 - 17:00;08:00 - 17:00;OFFWE;OFFWE;08:00 - 17:00;08:00 - 17:00;08:00 - 17:00;08:00 - 17:00;08:00 - 17:00;OFFWE;OFFWE;08:00 - 17:00;08:00 - 17:00;08:00 - 17:00;08:00 - 17:00;08:00 - 17:00;OFFWE;OFFWE;SL;SL;SL;SL;SL;OFFWE;OFFWE;08:00 - 17:00;SL;SL;SL;SL;OFFWE;OFFWE;08:00 - 17:00;08:00 - 17:00;08:00 - 17:00;08:00 - 17:00;08:00 - 17:00;OFFWE;OFFWE;08:00 - 17:00;08:00 - 17:00;08:00 - 17:00;08:00 - 17:00;08:00 - 17:00;OFFWE;OFFWE;08:00 - 17:00;SL;SL;08:00 - 17:00;08:00 - 17:00;OFFWE;OFFWE;08:00 - 17:00;08:00 - 17:00;08:00 - 17:00;08:00 - 17:00;08:00 - 17:00;OFFWE;OFFWE;08:00 - 17:00;08:00 - 17:00;08:00 - 17:00;08:00 - 17:00;08:00 - 17:00;OFFWE;OFFWE;08:00 - 17:00;08:00 - 17:00;08:00 - 17:00;08:00 - 17:00;PH;OFFWE;OFFWE;PH;08:00 - 17:00;SL;SL;SL;OFFWE;OFFWE;08:00 - 17:00;08:00 - 17:00;08:00 - 17:00;08:00 - 17:00;08:00 - 17:00;OFFWE;OFFWE;08:00 - 17:00;08:00 - 17:00;08:00 - 17:00;08:00 - 17:00;08:00 - 17:00;OFFWE;OFFWE;08:00 - 17:00;08:00 - 17:00;08:00 - 17:00;08:00 - 17:00;PH;OFFWE;OFFWE;08:00 - 17:00;08:00 - 17:00;08:00 - 17:00;08:00 - 17:00;08:00 - 17:00;OFFWE;OFFWE;08:00 - 17:00;08:00 - 17:00;08:00 - 17:00;PH;08:00 - 17:00;OFFWE;OFFWE;08:00 - 17:00;08:00 - 17:00;08:00 - 17:00;08:00 - 17:00;08:00 - 17:00;OFFWE;OFFWE;07:00 - 16:00;07:00 - 16:00;07:00 - 16:00;07:00 - 16:00;07:00 - 16:00;OFFWE;OFFWE;AL;AL;AL;LPH;AL;OFFWE;OFFWE;AL;AL;AL;AL;AL;OFFWE;OFFWE;AL;AL;AL;AL;AL;;;;;;;;;;;;;;;;;;;;;;;;;;;;;;;;;;;;;;;;;;;;;;;;;;;;;;;;;;;;;;;;;;;;;;;;;;;;;;;;;;;;;;;;;;;;;;;;;;;;;;;;;;;;;;;;;;;;;;;;;;;;;;;;;;;;;;;;;;;;;;;;;;;;;;;;;;;;;;;;;;;;;;;;;;;;;;;;;;;;;;;;;;;;;;;;;;;
10;9074373;Duc Quy Huynh;Full Time;Voice;Voice;Tobias Rossberg;PH;07:00 - 16:00;OFFWE;OFFWE;SL;SL;SL;07:00 - 16:00;07:00 - 16:00;OFFWE;OFFWE;07:00 - 16:00;07:00 - 16:00;07:00 - 16:00;07:00 - 16:00;07:00 - 16:00;OFFWE;OFFWE;07:00 - 16:00;07:00 - 16:00;07:00 - 16:00;07:00 - 16:00;07:00 - 16:00;OFFWE;OFFWE;07:00 - 16:00;07:00 - 16:00;07:00 - 16:00;07:00 - 16:00;07:00 - 16:00;OFFWE;OFFWE;07:00 - 16:00;07:00 - 16:00;07:00 - 16:00;07:00 - 16:00;07:00 - 16:00;OFFWE;OFFWE;07:00 - 16:00;07:00 - 16:00;07:00 - 16:00;07:00 - 16:00;07:00 - 16:00;OFFWE;OFFWE;07:00 - 16:00;07:00 - 16:00;AL;07:00 - 16:00;07:00 - 16:00;OFFWE;OFFWE;SL;SL;SL;07:00 - 16:00;07:00 - 16:00;OFFWE;OFFWE;07:00 - 16:00;07:00 - 16:00;07:00 - 16:00;AL;07:00 - 16:00;OFFWE;OFFWE;07:00 - 16:00;07:00 - 16:00;07:00 - 16:00;07:00 - 16:00;07:00 - 16:00;OFFWE;OFFWE;07:00 - 16:00;07:00 - 16:00;07:00 - 16:00;07:00 - 16:00;07:00 - 16:00;OFFWE;OFFWE;SL;SL;07:00 - 16:00;07:00 - 16:00;07:00 - 16:00;OFFWE;OFFWE;07:00 - 16:00;07:00 - 16:00;07:00 - 16:00;AL;PH;OFFWE;OFFWE;PH;07:00 - 16:00;07:00 - 16:00;07:00 - 16:00;07:00 - 16:00;OFFWE;OFFWE;07:00 - 16:00;07:00 - 16:00;07:00 - 16:00;07:00 - 16:00;07:00 - 16:00;OFFWE;OFFWE;07:00 - 16:00;07:00 - 16:00;07:00 - 16:00;07:00 - 16:00;07:00 - 16:00;OFFWE;OFFWE;07:00 - 16:00;07:00 - 16:00;07:00 - 16:00;07:00 - 16:00;PH;OFFWE;OFFWE;SL;SL;SL;07:00 - 16:00;07:00 - 16:00;OFFWE;OFFWE;07:00 - 16:00;07:00 - 16:00;07:00 - 16:00;PH;07:00 - 16:00;OFFWE;OFFWE;07:00 - 16:00;07:00 - 16:00;07:00 - 16:00;07:00 - 16:00;07:00 - 16:00;OFFWE;OFFWE;PH;07:00 - 16:00;07:00 - 16:00;07:00 - 16:00;07:00 - 16:00;OFFWE;OFFWE;;;;;;;;;;;;;;;;;;;;;;;;;;;;;;;;;;;;;;;;AL;OFFWE;OFFWE;AL;AL;AL;;;;;;;;;;;;;;;;;;;;;;;;;;;;;;;;;;;;;;;;;;;;;;;;;;;;;;;;;;;;;;;;;;;;;;;;;;;;;;;;;;;;;;;;;;;;;;;;;;;;;;;;;;;;;;;;;;;;;;;;;;;;;;;;;;;;;;;;;;;;;;;;;;;;;;;;;;;;;;;;;;;;;;;;;
11;9074341;Anas Daba;Full Time;Voice;Voice;Delia Panaitescu;PH;07:00 - 16:00;OFFWE;OFFWE;07:00 - 16:00;07:00 - 16:00;07:00 - 16:00;07:00 - 16:00;07:00 - 16:00;OFFWE;OFFWE;22:00 - 07:00;22:00 - 07:00;22:00 - 07:00;22:00 - 07:00;22:00 - 07:00;OFFWE;OFFWE;06:00 - 15:00;07:00 - 16:00;07:00 - 16:00;07:00 - 16:00;07:00 - 16:00;OFFWE;OFFWE;06:00 - 15:00;OFF;07:00 - 16:00;07:00 - 16:00;OFF;22:00 - 07:00;22:00 - 07:00;OFF;06:00 - 15:00;06:00 - 15:00;07:00 - 16:00;07:00 - 16:00;OFFWE;OFFWE;07:00 - 16:00;OFF;OFF;22:00 - 07:00;22:00 - 07:00;22:00 - 07:00;22:00 - 07:00;22:00 - 07:00;OFF;07:00 - 16:00;07:00 - 16:00;07:00 - 16:00;OFFWE;07:00 - 16:00;07:00 - 16:00;OFF;07:00 - 16:00;07:00 - 16:00;07:00 - 16:00;OFFWE;OFFWE;07:00 - 16:00;07:00 - 16:00;07:00 - 16:00;OFF;07:00 - 16:00;OFFWE;22:00 - 07:00;22:00 - 07:00;22:00 - 07:00;OFF;08:00 - 17:00;08:00 - 17:00;OFFWE;22:00 - 07:00;OFF;07:00 - 16:00;SL;SL;SL;OFFWE;OFFWE;22:00 - 07:00;22:00 - 07:00;22:00 - 07:00;22:00 - 07:00;22:00 - 07:00;OFFWE;OFFWE;AL;AL;AL;AL;PH;OFFWE;OFFWE;PH;AL;AL;AL;AL;OFFWE;OFFWE;06:00 - 15:00;OFF;OFF;06:00 - 15:00;06:00 - 15:00;22:00 - 07:00;22:00 - 07:00;22:00 - 07:00;OFF;07:00 - 16:00;07:00 - 16:00;07:00 - 16:00;OFFWE;OFFWE;07:00 - 16:00;07:00 - 16:00;07:00 - 16:00;22:00 - 07:00;PH;OFFWE;OFFWE;07:00 - 16:00;07:00 - 16:00;OFF;OFF;22:00 - 07:00;22:00 - 07:00;22:00 - 07:00;07:00 - 16:00;07:00 - 16:00;OFF;PH;07:00 - 16:00;OFFWE;07:00 - 16:00;07:00 - 16:00;07:00 - 16:00;OFF;OFF;22:00 - 07:00;22:00 - 07:00;22:00 - 07:00;22:00 - 07:00;22:00 - 07:00;OFF;07:00 - 16:00;07:00 - 16:00;OFFWE;OFFWE;;;;;;;;;;22:00 - 07:00;22:00 - 07:00;22:00 - 07:00;22:00 - 07:00;22:00 - 07:00;;;;;;;;;;;;;;;;22:00 - 07:00;22:00 - 07:00;22:00 - 07:00;22:00 - 07:00;22:00 - 07:00;;;;;;;;;;;;;;;;;;;;;;;;;;;;;;AL;AL;AL;AL;AL;OFFWE;OFFWE;AL;AL;AL;AL;AL;OFFWE;OFFWE;AL;AL;AL;AL;AL;OFFWE;OFFWE;AL;AL;AL;AL;AL;OFFWE;OFFWE;;;;;;;;;;;;;;;;;;;;;;;;;;;;;;;;;;;;;;;;;;;;;;;;;;;;;;;;;;;;;;;;;;;;;;;;;;;;;;;;;;;;;;;;;;;;;;;;;;;;;;;;;;;;;;;;;;;;;;;;;;;
12;9074381;Eva-Liane Schliwa;Full Time;Voice;Voice;Tobias Rossberg;07:00 - 16:00;CD;OFFWE;OFFWE;SL;SL;SL;SL;SL;OFFWE;OFFWE;SL;SL;SL;07:00 - 16:00;SL;OFFWE;OFFWE;07:00 - 16:00;SL;SL;06:00 - 15:00;CD;OFFWE;OFFWE;SL;SL;SL;OFF;06:00 - 15:00;OFFWE;07:00 - 16:00;SL;07:00 - 16:00;07:00 - 16:00;OFF;06:00 - 15:00;OFFWE;07:00 - 16:00;07:00 - 16:00;06:00 - 15:00;07:00 - 16:00;OFF;07:00 - 16:00;OFFWE;OFFWE;SL;SL;07:00 - 16:00;07:00 - 16:00;07:00 - 16:00;OFFWE;OFFWE;06:00 - 15:00;06:00 - 15:00;06:00 - 15:00;OFF;SL;13:00 - 22:00;OFFWE;07:00 - 16:00;OFF;07:00 - 16:00;07:00 - 16:00;07:00 - 16:00;OFFWE;13:00 - 22:00;13:00 - 22:00;OFF;06:00 - 15:00;06:00 - 15:00;06:00 - 15:00;OFFWE;07:00 - 16:00;06:00 - 15:00;06:00 - 15:00;07:00 - 16:00;06:00 - 15:00;OFF;OFFWE;13:00 - 22:00;10:00 - 19:00;OFF;07:00 - 16:00;06:00 - 15:00;07:00 - 16:00;13:00 - 22:00;OFFWE;06:00 - 15:00;OFF;06:00 - 15:00;06:00 - 15:00;PH;13:00 - 22:00;13:00 - 22:00;PH;06:00 - 15:00;06:00 - 15:00;06:00 - 15:00;AL;OFFWE;07:00 - 16:00;06:00 - 15:00;06:00 - 15:00;06:00 - 15:00;06:00 - 15:00;OFF;OFFWE;07:00 - 16:00;07:00 - 16:00;OFF;06:00 - 15:00;OFF;06:00 - 15:00;07:00 - 16:00;OFFWE;06:00 - 15:00;OFF;06:00 - 15:00;HAL *;PH;07:00 - 16:00;07:00 - 16:00;OFF;SL;SL;SL;SL;13:00 - 22:00;OFFWE;OFF;06:00 - 15:00;06:00 - 15:00;08:00 - 17:00;06:00 - 15:00;13:00 - 22:00;13:00 - 22:00;OFF;06:00 - 15:00;06:00 - 15:00;06:00 - 15:00;06:00 - 15:00;13:00 - 22:00;OFFWE;PH;06:00 - 15:00;06:00 - 15:00;06:00 - 15:00;06:00 - 15:00;OFFWE;07:00 - 16:00;;;;;;;;;;;;;;;;;;;;;;;;;;;;;;;;;;;;;;;;;;;;;;;;;;;;;;;;;;;;;;;;;;;;;;;;;;;;;;;;;;;;;;;;;;;;;;;;;;;;;;;;;;;;;;;;;;;;;;;;;;;;;;;;;;;;;;;;;;;;;;;;;;;;;;;;;;;;;;;;;;;;;;;;;;;;;;;;;;;;;;;;;;;;;;;;;;;;;;;;;;;;;;;;;;;;;;
13;9078602;Tim Nguyen;Full Time;SSP;Voice;Delia Panaitescu;PH;08:00 - 17:00;OFFWE;OFFWE;08:00 - 17:00;08:00 - 17:00;08:00 - 17:00;08:00 - 17:00;08:00 - 17:00;OFFWE;OFFWE;SL;08:00 - 17:00;08:00 - 17:00;08:00 - 17:00;08:00 - 17:00;OFFWE;OFFWE;08:00 - 17:00;08:00 - 17:00;08:00 - 17:00;08:00 - 17:00;08:00 - 17:00;OFFWE;OFFWE;08:00 - 17:00;08:00 - 17:00;08:00 - 17:00;08:00 - 17:00;08:00 - 17:00;OFFWE;OFFWE;08:00 - 17:00;08:00 - 17:00;08:00 - 17:00;08:00 - 17:00;08:00 - 17:00;OFFWE;OFFWE;08:00 - 17:00;08:00 - 17:00;AL;08:00 - 17:00;07:00 - 16:00;OFFWE;OFFWE;08:00 - 17:00;07:00 - 16:00;08:00 - 17:00;07:00 - 16:00;08:00 - 17:00;OFFWE;OFFWE;08:00 - 17:00;07:00 - 16:00;07:00 - 16:00;08:00 - 17:00;08:00 - 17:00;OFFWE;OFFWE;08:00 - 17:00;07:00 - 16:00;08:00 - 17:00;08:00 - 17:00;08:00 - 17:00;OFFWE;OFFWE;08:00 - 17:00;07:00 - 16:00;07:00 - 16:00;AL;AL;OFFWE;OFFWE;08:00 - 17:00;08:00 - 17:00;08:00 - 17:00;08:00 - 17:00;08:00 - 17:00;OFFWE;OFFWE;08:00 - 17:00;08:00 - 17:00;08:00 - 17:00;08:00 - 17:00;AL;OFFWE;OFFWE;08:00 - 17:00;08:00 - 17:00;08:00 - 17:00;08:00 - 17:00;PH;OFFWE;OFFWE;PH;AL;AL;AL;07:00 - 16:00;OFFWE;OFFWE;08:00 - 17:00;08:00 - 17:00;08:00 - 17:00;08:00 - 17:00;08:00 - 17:00;OFFWE;OFFWE;08:00 - 17:00;08:00 - 17:00;08:00 - 17:00;08:00 - 17:00;08:00 - 17:00;OFFWE;OFFWE;08:00 - 17:00;08:00 - 17:00;08:00 - 17:00;08:00 - 17:00;PH;OFFWE;OFFWE;08:00 - 17:00;08:00 - 17:00;08:00 - 17:00;08:00 - 17:00;08:00 - 17:00;OFFWE;OFFWE;08:00 - 17:00;08:00 - 17:00;08:00 - 17:00;PH;08:00 - 17:00;OFFWE;OFFWE;08:00 - 17:00;08:00 - 17:00;08:00 - 17:00;08:00 - 17:00;08:00 - 17:00;OFFWE;OFFWE;PH;08:00 - 17:00;08:00 - 17:00;08:00 - 17:00;08:00 - 17:00;OFFWE;OFFWE;;;;;;;;;;;;;;;;;;;;;;;;;;;;;;;;;;;;;;;;;;;;;;;;;;;;;;;;;;;;;;;;;;;;;;;;;;;;;;;;;;;;;;;;;;;;;;;;;;;;;;;;;;;;;;;;;;;;;;;;;;;;;;;;;;;;;;;;;;;;;;;;;;;;;;;;;;;;;;;;;;;;;;;;;;;;;;;;;;;;;;;;;;;;;;;;;;;;;;;;;;;;;;;;;;;;;;
14;9085121;Walter Buxbaum;Full Time;Voice;Voice;Karlo Coric????? ;PH;AL;OFFWE;OFFWE;08:00 - 17:00;08:00 - 17:00;08:00 - 17:00;08:00 - 17:00;08:00 - 17:00;OFFWE;OFFWE;08:00 - 17:00;08:00 - 17:00;08:00 - 17:00;08:00 - 17:00;08:00 - 17:00;OFFWE;OFFWE;08:00 - 17:00;08:00 - 17:00;08:00 - 17:00;08:00 - 17:00;08:00 - 17:00;OFFWE;OFFWE;08:00 - 17:00;08:00 - 17:00;08:00 - 17:00;08:00 - 17:00;08:00 - 17:00;OFFWE;OFFWE;08:00 - 17:00;08:00 - 17:00;08:00 - 17:00;08:00 - 17:00;08:00 - 17:00;OFFWE;OFFWE;08:00 - 17:00;08:00 - 17:00;08:00 - 17:00;08:00 - 17:00;AL;OFFWE;OFFWE;08:00 - 17:00;08:00 - 17:00;08:00 - 17:00;08:00 - 17:00;08:00 - 17:00;OFFWE;OFFWE;08:00 - 17:00;08:00 - 17:00;08:00 - 17:00;08:00 - 17:00;08:00 - 17:00;OFFWE;OFFWE;08:00 - 17:00;08:00 - 17:00;08:00 - 17:00;08:00 - 17:00;08:00 - 17:00;OFFWE;OFFWE;08:00 - 17:00;08:00 - 17:00;08:00 - 17:00;08:00 - 17:00;08:00 - 17:00;OFFWE;OFFWE;08:00 - 17:00;08:00 - 17:00;08:00 - 17:00;08:00 - 17:00;08:00 - 17:00;OFFWE;OFFWE;08:00 - 17:00;08:00 - 17:00;08:00 - 17:00;08:00 - 17:00;08:00 - 17:00;OFFWE;OFFWE;08:00 - 17:00;07:00 - 16:00;08:00 - 17:00;08:00 - 17:00;PH;OFFWE;OFFWE;PH;08:00 - 17:00;08:00 - 17:00;08:00 - 17:00;08:00 - 17:00;OFFWE;OFFWE;08:00 - 17:00;08:00 - 17:00;08:00 - 17:00;08:00 - 17:00;08:00 - 17:00;OFFWE;OFFWE;08:00 - 17:00;08:00 - 17:00;08:00 - 17:00;08:00 - 17:00;08:00 - 17:00;OFFWE;OFFWE;08:00 - 17:00;08:00 - 17:00;08:00 - 17:00;08:00 - 17:00;PH;OFFWE;OFFWE;08:00 - 17:00;08:00 - 17:00;08:00 - 17:00;08:00 - 17:00;08:00 - 17:00;OFFWE;OFFWE;08:00 - 17:00;08:00 - 17:00;08:00 - 17:00;PH;08:00 - 17:00;OFFWE;OFFWE;08:00 - 17:00;08:00 - 17:00;08:00 - 17:00;08:00 - 17:00;08:00 - 17:00;OFFWE;OFFWE;PH;08:00 - 17:00;08:00 - 17:00;08:00 - 17:00;08:00 - 17:00;OFFWE;OFFWE;;;;;;;;;;;;;;;;;;;;;;;;;;;;;;;;;;;;;;;;;;;;;;;;;;;;;;;;;;;;;;;;;;;;;;;;;;;;;;;;;;;;;;;;;;;;;;;;;;;;;;;;;;;;;;;;;;;;;;;;;;;;;;;AL;AL;AL;AL;AL;;;AL;AL;AL;AL;AL;;;AL;AL;AL;AL;AL;;;;;;;;;;;;;;;;;;;;;;;;;;;;;;;;;;;;;;;;;;;;;;;;;;;;;;;;;;;;;;;;;;;;;
15;9086658;Vincent Grunzel;Full Time;Voice;Voice;Tobias Rossberg;PH;SL;OFFWE;OFFWE;07:00 - 16:00;07:00 - 16:00;07:00 - 16:00;07:00 - 16:00;07:00 - 16:00;OFFWE;OFFWE;07:00 - 16:00;07:00 - 16:00;07:00 - 16:00;07:00 - 16:00;07:00 - 16:00;OFFWE;OFFWE;07:00 - 16:00;07:00 - 16:00;07:00 - 16:00;07:00 - 16:00;07:00 - 16:00;OFFWE;OFFWE;07:00 - 16:00;07:00 - 16:00;07:00 - 16:00;07:00 - 16:00;07:00 - 16:00;OFFWE;OFFWE;07:00 - 16:00;07:00 - 16:00;07:00 - 16:00;07:00 - 16:00;07:00 - 16:00;OFFWE;OFFWE;07:00 - 16:00;07:00 - 16:00;07:00 - 16:00;07:00 - 16:00;07:00 - 16:00;OFFWE;OFFWE;07:00 - 16:00;07:00 - 16:00;07:00 - 16:00;07:00 - 16:00;07:00 - 16:00;OFFWE;OFFWE;07:00 - 16:00;07:00 - 16:00;07:00 - 16:00;SL;SL;OFFWE;OFFWE;SL;SL;SL;SL;SL;OFFWE;OFFWE;07:00 - 16:00;07:00 - 16:00;07:00 - 16:00;07:00 - 16:00;07:00 - 16:00;OFFWE;OFFWE;07:00 - 16:00;07:00 - 16:00;07:00 - 16:00;08:00 - 17:00;07:00 - 16:00;OFFWE;OFFWE;07:00 - 16:00;07:00 - 16:00;07:00 - 16:00;07:00 - 16:00;07:00 - 16:00;OFFWE;OFFWE;07:00 - 16:00;07:00 - 16:00;07:00 - 16:00;07:00 - 16:00;PH;OFFWE;OFFWE;PH;AL;AL;AL;AL;OFFWE;OFFWE;07:00 - 16:00;07:00 - 16:00;07:00 - 16:00;07:00 - 16:00;07:00 - 16:00;OFFWE;OFFWE;07:00 - 16:00;07:00 - 16:00;07:00 - 16:00;SL;SL;OFFWE;OFFWE;AL;AL;AL;AL;PH;OFFWE;OFFWE;07:00 - 16:00;07:00 - 16:00;07:00 - 16:00;07:00 - 16:00;07:00 - 16:00;OFFWE;OFFWE;AL;AL;AL;PH;AL;OFFWE;OFFWE;07:00 - 16:00;07:00 - 16:00;07:00 - 16:00;07:00 - 16:00;07:00 - 16:00;OFFWE;OFFWE;PH;AL;AL;AL;AL;OFFWE;OFFWE;;;;;;;;;;;;;;;;;;;;;;;;;;;;;;;;;;;;;;;;;;;;;;;;;;;;;;;;;;;;;;;;;;;;;;;;;;;;;;;;;;;;;;;;;;;;;;;;;;;;;;;;;;;;;;;;;;;;;;;;;;;;;;;;;;;;;;;;;;;;;;;;;;;;;;;;;;;;;;;;;;;;;;;;;;;;;;;;;;;;;;;;;;;;;;;;;;;;;;;;;;;;;;;;;;;;;;
16;9087657;Meik Schülgen;Full Time;Voice;Voice;Tobias Rossberg;PH;AL;OFFWE;OFFWE;07:00 - 16:00;07:00 - 16:00;07:00 - 16:00;07:00 - 16:00;08:00 - 17:00;OFFWE;OFFWE;07:00 - 16:00;07:00 - 16:00;07:00 - 16:00;07:00 - 16:00;07:00 - 16:00;OFFWE;OFFWE;07:00 - 16:00;07:00 - 16:00;07:00 - 16:00;07:00 - 16:00;07:00 - 16:00;OFFWE;OFFWE;07:00 - 16:00;07:00 - 16:00;07:00 - 16:00;07:00 - 16:00;07:00 - 16:00;OFFWE;OFFWE;07:00 - 16:00;07:00 - 16:00;07:00 - 16:00;07:00 - 16:00;07:00 - 16:00;OFFWE;OFFWE;07:00 - 16:00;07:00 - 16:00;07:00 - 16:00;07:00 - 16:00;07:00 - 16:00;OFFWE;OFFWE;AL;07:00 - 16:00;07:00 - 16:00;07:00 - 16:00;07:00 - 16:00;OFFWE;OFFWE;SL;SL;SL;SL;SL;OFFWE;OFFWE;07:00 - 16:00;07:00 - 16:00;07:00 - 16:00;07:00 - 16:00;07:00 - 16:00;OFFWE;OFFWE;07:00 - 16:00;07:00 - 16:00;07:00 - 16:00;07:00 - 16:00;07:00 - 16:00;OFFWE;OFFWE;07:00 - 16:00;07:00 - 16:00;07:00 - 16:00;07:00 - 16:00;07:00 - 16:00;OFFWE;OFFWE;07:00 - 16:00;07:00 - 16:00;07:00 - 16:00;07:00 - 16:00;07:00 - 16:00;OFFWE;OFFWE;AL;AL;AL;AL;PH;OFFWE;OFFWE;PH;07:00 - 16:00;07:00 - 16:00;07:00 - 16:00;07:00 - 16:00;OFFWE;OFFWE;07:00 - 16:00;07:00 - 16:00;07:00 - 16:00;07:00 - 16:00;07:00 - 16:00;OFFWE;OFFWE;07:00 - 16:00;07:00 - 16:00;07:00 - 16:00;07:00 - 16:00;07:00 - 16:00;OFFWE;OFFWE;07:00 - 16:00;07:00 - 16:00;07:00 - 16:00;07:00 - 16:00;PH;OFFWE;OFFWE;07:00 - 16:00;07:00 - 16:00;07:00 - 16:00;07:00 - 16:00;07:00 - 16:00;OFFWE;OFFWE;07:00 - 16:00;07:00 - 16:00;07:00 - 16:00;PH;AL;OFFWE;OFFWE;07:00 - 16:00;07:00 - 16:00;07:00 - 16:00;07:00 - 16:00;07:00 - 16:00;OFFWE;OFFWE;PH;07:00 - 16:00;07:00 - 16:00;07:00 - 16:00;07:00 - 16:00;OFFWE;OFFWE;;;;;AL;;;;;;;;;;;;;;;;;;;;;;;;;;;;;;;;;;;;;;;;;;AL;;;AL;AL;AL;AL;AL;;;AL;AL;AL;AL;AL;;;;;;;;;;;;;;;;;;;;;;;;;;;;;;;;;;;;;;;;;;;;;;;;;;;;;;;;;;;;;;;;;;;;;;;;;;;;;;;;;;;;;;;;;;;;;;;;;;;;;;;;;;;;;;;;;;;;;;;;;;;;;;;;;;;;;;;;;;;;;;;;;;;;;;;;;
17;9090511;Annabela Scavo;Full Time;Voice;Voice;Delia Panaitescu;PH;Support;OFFWE;OFFWE;Support;Support;Support;Support;Support;OFFWE;OFFWE;Support;Support;Support;Support;Support;OFFWE;OFFWE;Support;Support;Support;Support;Support;OFFWE;OFFWE;Support;08:00 - 17:00;08:00 - 17:00;08:00 - 17:00;08:00 - 17:00;OFFWE;OFFWE;Support;Support;Support;Support;Support;OFFWE;OFFWE;Support;Support;Support;Support;Support;OFFWE;OFFWE;Support;Support;Support;Support;Support;OFFWE;OFFWE;Support;Support;Support;08:00 - 17:00;08:00 - 17:00;OFFWE;OFFWE;08:00 - 17:00;08:00 - 17:00;08:00 - 17:00;08:00 - 17:00;SL;OFFWE;OFFWE;08:00 - 17:00;08:00 - 17:00;08:00 - 17:00;08:00 - 17:00;08:00 - 17:00;OFFWE;OFFWE;08:00 - 17:00;08:00 - 17:00;08:00 - 17:00;08:00 - 17:00;08:00 - 17:00;OFFWE;OFFWE;08:00 - 17:00;08:00 - 17:00;08:00 - 17:00;08:00 - 17:00;08:00 - 17:00;OFFWE;OFFWE;08:00 - 17:00;08:00 - 17:00;08:00 - 17:00;08:00 - 17:00;PH;OFFWE;OFFWE;PH;08:00 - 17:00;08:00 - 17:00;08:00 - 17:00;08:00 - 17:00;OFFWE;OFFWE;08:00 - 17:00;08:00 - 17:00;08:00 - 17:00;08:00 - 17:00;08:00 - 17:00;OFFWE;OFFWE;08:00 - 17:00;08:00 - 17:00;08:00 - 17:00;08:00 - 17:00;08:00 - 17:00;OFFWE;OFFWE;08:00 - 17:00;08:00 - 17:00;08:00 - 17:00;08:00 - 17:00;PH;OFFWE;OFFWE;08:00 - 17:00;08:00 - 17:00;08:00 - 17:00;08:00 - 17:00;08:00 - 17:00;OFFWE;OFFWE;08:00 - 17:00;08:00 - 17:00;08:00 - 17:00;PH;08:00 - 17:00;OFFWE;OFFWE;08:00 - 17:00;08:00 - 17:00;08:00 - 17:00;08:00 - 17:00;08:00 - 17:00;OFFWE;OFFWE;PH;08:00 - 17:00;08:00 - 17:00;08:00 - 17:00;08:00 - 17:00;OFFWE;OFFWE;;;;;;;;;;;;;;;;;;;;;;;;;;;;;;;;;;;;;;;;;;;;;;;;;;;;;;;;;;;;;;;;;;;;;;;;;;;;;;;;;;;;;;;;;;;;;;;;;;;;;;;;;;;;;;;;;;;;;;;;;;;;;;;;;;;;;;;;;;;;;;;;;;;;;;;;;;;;;;;;;;;;;;;;;;;;;;;;;;;;;;;;;;;;;;;;;;;;;;;;;;;;;;;;;;;;;;
18;9074428;Yevgeni Frenkel ;Full Time;Voice;Voice;Karlo Coric????? ;PH;08:00 - 17:00;OFFWE;OFFWE;08:00 - 17:00;08:00 - 17:00;08:00 - 17:00;08:00 - 17:00;08:00 - 17:00;OFFWE;OFFWE;08:00 - 17:00;08:00 - 17:00;08:00 - 17:00;08:00 - 17:00;08:00 - 17:00;OFFWE;OFFWE;08:00 - 17:00;08:00 - 17:00;08:00 - 17:00;08:00 - 17:00;08:00 - 17:00;OFFWE;OFFWE;08:00 - 17:00;08:00 - 17:00;08:00 - 17:00;08:00 - 17:00;08:00 - 17:00;OFFWE;OFFWE;08:00 - 17:00;08:00 - 17:00;08:00 - 17:00;08:00 - 17:00;08:00 - 17:00;OFFWE;OFFWE;08:00 - 17:00;08:00 - 17:00;08:00 - 17:00;08:00 - 17:00;08:00 - 17:00;OFFWE;OFFWE;08:00 - 17:00;08:00 - 17:00;08:00 - 17:00;08:00 - 17:00;08:00 - 17:00;OFFWE;OFFWE;08:00 - 17:00;08:00 - 17:00;08:00 - 17:00;08:00 - 17:00;08:00 - 17:00;OFFWE;OFFWE;08:00 - 17:00;08:00 - 17:00;08:00 - 17:00;08:00 - 17:00;08:00 - 17:00;OFFWE;OFFWE;08:00 - 17:00;08:00 - 17:00;08:00 - 17:00;08:00 - 17:00;08:00 - 17:00;OFFWE;OFFWE;08:00 - 17:00;08:00 - 17:00;08:00 - 17:00;08:00 - 17:00;08:00 - 17:00;OFFWE;OFFWE;08:00 - 17:00;08:00 - 17:00;08:00 - 17:00;08:00 - 17:00;08:00 - 17:00;OFFWE;OFFWE;AL;AL;AL;AL;PH;OFFWE;OFFWE;PH;AL;AL;AL;AL;OFFWE;OFFWE;AL;AL;AL;AL;AL;OFFWE;OFFWE;08:00 - 17:00;08:00 - 17:00;08:00 - 17:00;08:00 - 17:00;08:00 - 17:00;OFFWE;OFFWE;08:00 - 17:00;08:00 - 17:00;08:00 - 17:00;08:00 - 17:00;PH;OFFWE;OFFWE;08:00 - 17:00;08:00 - 17:00;08:00 - 17:00;08:00 - 17:00;08:00 - 17:00;OFFWE;OFFWE;08:00 - 17:00;08:00 - 17:00;08:00 - 17:00;PH;08:00 - 17:00;OFFWE;OFFWE;08:00 - 17:00;08:00 - 17:00;08:00 - 17:00;08:00 - 17:00;08:00 - 17:00;OFFWE;OFFWE;PH;08:00 - 17:00;08:00 - 17:00;08:00 - 17:00;08:00 - 17:00;OFFWE;OFFWE;;;;;;;;;;;;;;;;;;;;;;;;;;;;;;;;;;;;;;;;;;;;;;;;;;;;;;;;;;;;;;;;;;;;;;;;;;;;;;;;;;;;;;;;;;;;AL;AL;AL;AL;AL;;;AL;AL;AL;AL;AL;;;AL;AL;AL;AL;AL;;;;;;;;;;;;;;;;;;;;;;;;;;;;;;;;;;;;;;;;;;;;;;;;;;;;;;;;;;;;;;;;;;;;;;;;;;;;;;;;;;;;;;;;;;;;;;;;;;;;;;;;
19;9085123;Anil Bedzeti;Full Time;Chat;Voice;Karlo Coric????? ;PH;08:00 - 17:00;OFFWE;OFFWE;Settings;Settings;Settings;Settings;Settings;OFFWE;OFFWE;AL;AL;AL;AL;AL;OFFWE;OFFWE;AL;AL;AL;AL;AL;OFFWE;OFFWE;AL;AL;AL;AL;AL;OFFWE;OFFWE;08:00 - 17:00;08:00 - 17:00;08:00 - 17:00;08:00 - 17:00;08:00 - 17:00;OFFWE;OFFWE;08:00 - 17:00;HSL *;SL;SL;SL;OFFWE;OFFWE;08:00 - 17:00;08:00 - 17:00;08:00 - 17:00;08:00 - 17:00;08:00 - 17:00;OFFWE;OFFWE;08:00 - 17:00;08:00 - 17:00;08:00 - 17:00;SL;SL;OFFWE;OFFWE;08:00 - 17:00;08:00 - 17:00;07:00 - 16:00;07:00 - 16:00;SL;SL;SL;SL;SL;SL;SL;SL;SL;SL;SL;SL;SL;SL;SL;OFFWE;OFFWE;07:00 - 16:00;07:00 - 16:00;07:00 - 16:00;07:00 - 16:00;07:00 - 16:00;OFFWE;OFFWE;07:00 - 16:00;07:00 - 16:00;SL;SL;PH;OFFWE;OFFWE;PH;09:00 - 18:00;09:00 - 18:00;09:00 - 18:00;09:00 - 18:00;OFFWE;OFFWE;AL;AL;AL;AL;AL;OFFWE;OFFWE;AL;AL;AL;AL;AL;OFFWE;OFFWE;09:00 - 18:00;09:00 - 18:00;09:00 - 18:00;09:00 - 18:00;PH;OFFWE;OFFWE;09:00 - 18:00;09:00 - 18:00;09:00 - 18:00;09:00 - 18:00;09:00 - 18:00;OFFWE;OFFWE;07:00 - 16:00;07:00 - 16:00;07:00 - 16:00;PH;07:00 - 16:00;OFFWE;OFFWE;07:00 - 16:00;07:00 - 16:00;07:00 - 16:00;07:00 - 16:00;07:00 - 16:00;OFFWE;OFFWE;PH;09:00 - 18:00;09:00 - 18:00;09:00 - 18:00;09:00 - 18:00;OFFWE;OFFWE;;;;;;;;;;;;;;;;;;;;;;;;;;;;;;;;;;;;;;;;;;;;;;;;;;;;;;;;;;;;;;;;;;;;;;;;;;;;;;;;;;;;;;;;;;;;;;;;;;;;;;;;;;;;;;;;;;;;;;;;;;;;;;;;;;;;;;;;;;;;;;;;;;;;;;;;;;;;;;;;;;;;;;;;;;;;;;;;;;;;;;;;;;;;;;;;;;;;;;;;;;;;;;;;;;;;;;
20;4451025;Benjamin Bitz;Full Time;Voice;Voice;Karlo Coric????? ;PH;AL;OFFWE;OFFWE;08:00 - 16:00;08:00 - 16:00;08:00 - 16:00;08:00 - 16:00;08:00 - 16:00;OFFWE;OFFWE;SL;SL;08:00 - 16:00;08:00 - 16:00;08:00 - 16:00;OFFWE;OFFWE;08:00 - 16:00;08:00 - 16:00;08:00 - 16:00;08:00 - 16:00;08:00 - 16:00;OFFWE;OFFWE;08:00 - 16:00;AL;08:00 - 16:00;08:00 - 16:00;08:00 - 16:00;OFFWE;OFFWE;08:00 - 16:00;08:00 - 16:00;08:00 - 16:00;08:00 - 16:00;08:00 - 16:00;OFFWE;OFFWE;08:00 - 16:00;SL;08:00 - 16:00;08:00 - 16:00;08:00 - 16:00;OFFWE;OFFWE;08:00 - 16:00;08:00 - 16:00;08:00 - 16:00;08:00 - 16:00;08:00 - 16:00;OFFWE;OFFWE;08:00 - 16:00;08:00 - 16:00;08:00 - 16:00;08:00 - 16:00;08:00 - 16:00;OFFWE;OFFWE;08:00 - 16:00;08:00 - 16:00;08:00 - 16:00;SL;SL;OFFWE;OFFWE;08:00 - 16:00;08:00 - 16:00;08:00 - 16:00;08:00 - 16:00;08:00 - 16:00;OFFWE;OFFWE;08:00 - 16:00;08:00 - 16:00;08:00 - 16:00;08:00 - 16:00;08:00 - 16:00;OFFWE;OFFWE;08:00 - 16:00;08:00 - 16:00;08:00 - 16:00;08:00 - 16:00;08:00 - 16:00;OFFWE;OFFWE;AL;AL;AL;AL;PH;OFFWE;OFFWE;PH;08:00 - 16:00;SL;SL;08:00 - 16:00;OFFWE;OFFWE;08:00 - 16:00;08:00 - 16:00;08:00 - 16:00;08:00 - 16:00;08:00 - 16:00;OFFWE;OFFWE;08:00 - 16:00;08:00 - 16:00;08:00 - 16:00;08:00 - 16:00;08:00 - 16:00;OFFWE;OFFWE;08:00 - 16:00;08:00 - 16:00;08:00 - 16:00;SL;PH;OFFWE;OFFWE;08:00 - 16:00;08:00 - 16:00;SL;SL;08:00 - 16:00;OFFWE;OFFWE;08:00 - 16:00;08:00 - 16:00;08:00 - 16:00;PH;08:00 - 16:00;OFFWE;OFFWE;08:00 - 16:00;08:00 - 16:00;08:00 - 16:00;08:00 - 16:00;08:00 - 16:00;OFFWE;OFFWE;PH;08:00 - 16:00;08:00 - 16:00;08:00 - 16:00;08:00 - 16:00;OFFWE;OFFWE;;;;;;;;;;;;;;;;;;;;;;;;;;;;;;;;;;;;;;;;;;;;;;;;;;;;;;;;;;;;;;;;;;;;;;;;;;;;;;;;;;;;;;;;;;;;;;;;;;;;;;;;;;;;;;;;;;;;;;;;;;;;;;;;;;;;;;;;;;;;;;;;;;;;;;;;;;;;;;;;;;;;;;;;;;;;;;;;;;;;;;;;;;;;;;;;;;;;;;;;;;;;;;;;;;;;;;
21;4451022;Marcel Marc Bronheim;Full Time;Voice;Voice;Karlo Coric????? ;PH;AL;OFFWE;OFFWE;AL;AL;UL;SL;UL;OFFWE;OFFWE;08:00 - 16:00;08:00 - 16:00;08:00 - 16:00;08:00 - 16:00;08:00 - 16:00;OFFWE;OFFWE;SL;SL;08:00 - 16:00;08:00 - 16:00;08:00 - 16:00;OFFWE;OFFWE;08:00 - 16:00;08:00 - 16:00;08:00 - 16:00;UL;08:00 - 16:00;OFFWE;OFFWE;08:00 - 16:00;08:00 - 16:00;08:00 - 16:00;08:00 - 16:00;08:00 - 16:00;OFFWE;OFFWE;08:00 - 16:00;08:00 - 16:00;08:00 - 16:00;08:00 - 16:00;UL;OFFWE;OFFWE;SL;SL;SL;SL;SL;OFFWE;OFFWE;08:00 - 16:00;08:00 - 16:00;08:00 - 16:00;08:00 - 16:00;08:00 - 16:00;OFFWE;OFFWE;08:00 - 16:00;08:00 - 16:00;08:00 - 16:00;SL;SL;OFFWE;OFFWE;08:00 - 16:00;08:00 - 16:00;08:00 - 16:00;08:00 - 16:00;08:00 - 16:00;OFFWE;OFFWE;08:00 - 16:00;08:00 - 16:00;08:00 - 16:00;08:00 - 16:00;08:00 - 16:00;OFFWE;OFFWE;08:00 - 16:00;UL;SL;SL;SL;OFFWE;OFFWE;AL;AL;AL;AL;PH;OFFWE;OFFWE;PH;SL;SL;SL;SL;OFFWE;OFFWE;08:00 - 16:00;08:00 - 16:00;08:00 - 16:00;08:00 - 16:00;08:00 - 16:00;OFFWE;OFFWE;08:00 - 16:00;SL;SL;SL;SL;OFFWE;OFFWE;08:00 - 16:00;08:00 - 16:00;08:00 - 16:00;08:00 - 16:00;PH;OFFWE;OFFWE;SL;SL;SL;SL;SL;OFFWE;OFFWE;SL;SL;08:00 - 16:00;PH;08:00 - 16:00;OFFWE;OFFWE;08:00 - 16:00;08:00 - 16:00;08:00 - 16:00;08:00 - 16:00;08:00 - 16:00;OFFWE;OFFWE;PH;08:00 - 16:00;08:00 - 16:00;08:00 - 16:00;08:00 - 16:00;OFFWE;OFFWE;;;;;;;;;;;;;;;;;;;;;;;;;;;;;;;;;;;;;;;;;;;;;;;;;;AL;AL;AL;AL;AL;;;AL;AL;AL;AL;AL;;;AL;AL;AL;AL;AL;;;;;;;;;;;;;;;;;;;;;;;;;;;;;;;;;;;;;;;;;;;;;;;;;;;;;;;;;;;;;;;;;;;;;;;;;;;;;AL;;;AL;AL;AL;AL;AL;;;;;;;;;;;;;;;;;;;;;;;;;;;;;;;;;;;;;;;;;;;;;;;;;;;;;;AL;AL;;;;AL;AL;AL;
22;4451014;Stefan Burgdorf;Full Time;SSP;Voice;Karlo Coric????? ;PH;07:00 - 15:00;OFFWE;OFFWE;07:00 - 15:00;SL;SL;SL;SL;OFFWE;OFFWE;07:00 - 15:00;07:00 - 15:00;07:00 - 15:00;07:00 - 15:00;07:00 - 15:00;OFFWE;OFFWE;07:00 - 15:00;07:00 - 15:00;07:00 - 15:00;07:00 - 15:00;07:00 - 15:00;OFFWE;OFFWE;07:00 - 15:00;07:00 - 15:00;07:00 - 15:00;07:00 - 15:00;07:00 - 15:00;OFFWE;OFFWE;07:00 - 15:00;07:00 - 15:00;07:00 - 15:00;07:00 - 15:00;07:00 - 15:00;OFFWE;OFFWE;07:00 - 15:00;07:00 - 15:00;07:00 - 15:00;07:00 - 15:00;07:00 - 15:00;OFFWE;OFFWE;07:00 - 15:00;07:00 - 15:00;07:00 - 15:00;07:00 - 15:00;07:00 - 15:00;OFFWE;OFFWE;07:00 - 15:00;07:00 - 15:00;07:00 - 15:00;07:00 - 15:00;07:00 - 15:00;OFFWE;OFFWE;AL;AL;07:00 - 15:00;07:00 - 15:00;07:00 - 15:00;OFFWE;OFFWE;AL;AL;AL;AL;AL;OFFWE;OFFWE;07:00 - 15:00;07:00 - 15:00;07:00 - 15:00;07:00 - 15:00;07:00 - 15:00;OFFWE;OFFWE;07:00 - 15:00;07:00 - 15:00;HAL *;AL;07:00 - 15:00;OFFWE;OFFWE;AL;AL;AL;AL;PH;OFFWE;OFFWE;PH;AL;07:00 - 15:00;07:00 - 15:00;07:00 - 15:00;OFFWE;OFFWE;07:00 - 15:00;07:00 - 15:00;07:00 - 15:00;07:00 - 15:00;07:00 - 15:00;OFFWE;OFFWE;07:00 - 15:00;07:00 - 15:00;07:00 - 15:00;07:00 - 15:00;07:00 - 15:00;OFFWE;OFFWE;07:00 - 15:00;07:00 - 15:00;07:00 - 15:00;07:00 - 15:00;PH;OFFWE;OFFWE;07:00 - 15:00;07:00 - 15:00;07:00 - 15:00;07:00 - 15:00;07:00 - 15:00;OFFWE;OFFWE;07:00 - 15:00;07:00 - 15:00;07:00 - 15:00;PH;AL;OFFWE;OFFWE;07:00 - 15:00;07:00 - 15:00;07:00 - 15:00;07:00 - 15:00;07:00 - 15:00;OFFWE;OFFWE;PH;07:00 - 15:00;07:00 - 15:00;07:00 - 15:00;07:00 - 15:00;OFFWE;OFFWE;;;;;;;;;;;;;;;;;;;;;;;;;;;;;;;;;;;;;;;;;;;;;;;;;;;;;;;;;;;;;;;;AL;AL;AL;AL;AL;OFFWE;OFFWE;AL;AL;AL;AL;AL;OFFWE;OFFWE;;;;;;;;;;;;;;;;;;;;;;;;;;;;;;;;;;;;;;;;;;;;;;;;;;;;;;;;;;;;;;;;AL;AL;AL;AL;AL;;;;;;;;;;;;;;;;;;;;;;;;;;;;;;;;;;;;;;;;;;;;;;;;;;;;;;;;;;;;;;;;;;;;;
23;3193177;Gunter Dinkelmann;Full Time;VWIC;Voice;Oliver Schleusen;;;;;;;;;;;;;;;;;;;;;;;;;;;;;;;;;;;;;;;;08:00 - 17:00;08:00 - 17:00;08:00 - 17:00;08:00 - 17:00;08:00 - 17:00;OFFWE;OFFWE;08:00 - 17:00;08:00 - 17:00;08:00 - 17:00;08:00 - 17:00;08:00 - 17:00;OFFWE;OFFWE;UL;08:00 - 17:00;08:00 - 17:00;08:00 - 17:00;08:00 - 17:00;OFFWE;OFFWE;08:00 - 17:00;08:00 - 17:00;SL;08:00 - 17:00;SL;OFFWE;OFFWE;SL;08:00 - 17:00;08:00 - 17:00;08:00 - 17:00;08:00 - 17:00;OFFWE;OFFWE;08:00 - 17:00;08:00 - 17:00;08:00 - 17:00;08:00 - 17:00;08:00 - 17:00;OFFWE;OFFWE;08:00 - 17:00;08:00 - 17:00;08:00 - 17:00;08:00 - 17:00;08:00 - 17:00;OFFWE;OFFWE;Settings;Settings;Settings;08:00 - 17:00;PH;OFFWE;OFFWE;PH;08:00 - 17:00;08:00 - 17:00;08:00 - 17:00;08:00 - 17:00;OFFWE;OFFWE;08:00 - 17:00;08:00 - 17:00;08:00 - 17:00;08:00 - 17:00;08:00 - 17:00;OFFWE;OFFWE;08:00 - 17:00;08:00 - 17:00;08:00 - 17:00;08:00 - 17:00;08:00 - 17:00;OFFWE;OFFWE;08:00 - 17:00;08:00 - 17:00;08:00 - 17:00;08:00 - 17:00;PH;OFFWE;OFFWE;AL;AL;AL;AL;AL;OFFWE;OFFWE;08:00 - 17:00;08:00 - 17:00;08:00 - 17:00;PH;08:00 - 17:00;OFFWE;OFFWE;08:00 - 17:00;08:00 - 17:00;08:00 - 17:00;08:00 - 17:00;08:00 - 17:00;OFFWE;OFFWE;PH;08:00 - 17:00;08:00 - 17:00;08:00 - 17:00;08:00 - 17:00;OFFWE;OFFWE;;;;;;;;;;;;;;;;;;;;;;;;;;;;;;;;;;;;;;;;;;;;;;;;;;;;;;;;;;;;;;;;;;;;;;;;;;;;;;;;;;;;;;;;;;;;;;;;;;;;;;;;;;;;;;;;;;;;;;;;;;;;;;;;;;;;;;;;;;;;;;;;;;;;;;;;;;;;;;;;;;;;;;;;;;;;;;;;;;;;;;;;;;;;;;;;;;;;;;;;;;;;;;;;;;;;;;
24;3193175;Isloodien Hurchem Lawrence;Full Time;VWIC;Voice;Oliver Schleusen;;;;;;;;;;;;;;;;;;;;;;;;;;;;;;;;;;;;;;;;UL;UL;UL;UL;UL;OFFWE;OFFWE;08:00 - 17:00;08:00 - 17:00;08:00 - 17:00;08:00 - 17:00;08:00 - 17:00;OFFWE;OFFWE;08:00 - 17:00;08:00 - 17:00;08:00 - 17:00;08:00 - 17:00;08:00 - 17:00;OFFWE;OFFWE;08:00 - 17:00;08:00 - 17:00;08:00 - 17:00;08:00 - 17:00;08:00 - 17:00;OFFWE;OFFWE;08:00 - 17:00;08:00 - 17:00;08:00 - 17:00;08:00 - 17:00;08:00 - 17:00;OFFWE;OFFWE;08:00 - 17:00;08:00 - 17:00;08:00 - 17:00;08:00 - 17:00;08:00 - 17:00;OFFWE;OFFWE;08:00 - 17:00;08:00 - 17:00;08:00 - 17:00;08:00 - 17:00;08:00 - 17:00;OFFWE;OFFWE;08:00 - 17:00;08:00 - 17:00;08:00 - 17:00;08:00 - 17:00;PH;OFFWE;OFFWE;PH;08:00 - 17:00;08:00 - 17:00;08:00 - 17:00;08:00 - 17:00;OFFWE;OFFWE;08:00 - 17:00;08:00 - 17:00;08:00 - 17:00;08:00 - 17:00;08:00 - 17:00;OFFWE;OFFWE;08:00 - 17:00;08:00 - 17:00;08:00 - 17:00;08:00 - 17:00;08:00 - 17:00;OFFWE;OFFWE;08:00 - 17:00;08:00 - 17:00;08:00 - 17:00;08:00 - 17:00;PH;OFFWE;OFFWE;08:00 - 17:00;08:00 - 17:00;08:00 - 17:00;08:00 - 17:00;08:00 - 17:00;OFFWE;OFFWE;08:00 - 17:00;08:00 - 17:00;08:00 - 17:00;PH;08:00 - 17:00;OFFWE;OFFWE;08:00 - 17:00;AL;08:00 - 17:00;08:00 - 17:00;08:00 - 17:00;OFFWE;OFFWE;PH;AL;AL;08:00 - 17:00;08:00 - 17:00;OFFWE;OFFWE;;;AL;;AL;;;AL;AL;AL;AL;;;;;;;;;;;;;;;;;;;;;;;;;;;;;;;;;;;;;;;;;;;;;;;;;;;;;;;;;;;;;;;;;;;;;;;;;;;;;;;;;;;;;;;;;;;;;;;;;;;;;;;;;;;;;;;;;;;;;;;;;;;;;;;;;;;;;;;;;;;;;;;;;;;;;;;;;;;;;;;;;;;;;;;;;;;;;;;;;;;;;;;;;;;;;;;;;;;;;;;;;;;
25;3193174;Anifa Ngcongo;Full Time;Voice;Voice;Oliver Schleusen; ; ; ; ; ; ; ; ; ; ; ; ; ; ; ; ; ; ; ; ; ; ; ; ; ; ; ; ; ; ; ; ; ; ; ; ; ; ; ;08:00 - 17:00;08:00 - 17:00;08:00 - 17:00;08:00 - 17:00;08:00 - 17:00;OFFWE;OFFWE;08:00 - 17:00;08:00 - 17:00;08:00 - 17:00;08:00 - 17:00;08:00 - 17:00;OFFWE;OFFWE;08:00 - 17:00;SL;08:00 - 17:00;08:00 - 17:00;08:00 - 17:00;OFFWE;OFFWE;08:00 - 17:00;HSL *;08:00 - 17:00;08:00 - 17:00;Settings;OFFWE;OFFWE;Settings;UL;08:00 - 17:00;08:00 - 17:00;08:00 - 17:00;OFFWE;OFFWE;08:00 - 17:00;SL;08:00 - 17:00;SL;08:00 - 17:00;OFFWE;OFFWE;08:00 - 17:00;SL;OL;OL;OL;OFFWE;OFFWE;OL;OL;OL;OL;PH;OFFWE;OFFWE;PH;OL;OL;OL;OL;OFFWE;OFFWE;OL;OL;OL;OL;OL;OFFWE;OFFWE;OL;OL;OL;OL;OL;OFFWE;OFFWE;OL;OL;OL;OL;PH;OFFWE;OFFWE;OL;OL;OL;OL;OL;OFFWE;OFFWE;OL;OL;OL;PH;OL;OFFWE;OFFWE;OL;OL;OL;OL;OL;OFFWE;OFFWE;PH;OL;OL;OL;OL;OFFWE;OFFWE; ; ; ; ; ; ; ; ; ; ; ; ; ; ; ; ; ; ; ; ; ; ; ; ; ; ; ; ; ; ; ; ; ; ; ; ; ; ; ; ; ; ; ; ; ; ; ; ; ; ; ; ; ; ; ; ; ; ; ; ; ; ; ; ; ; ; ; ; ; ; ; ; ; ; ; ; ; ; ; ; ; ; ; ; ; ; ; ; ; ; ; ; ; ; ; ; ; ; ; ; ; ; ; ; ; ; ; ; ; ; ; ; ; ; ; ; ; ; ; ; ; ; ; ; ; ; ; ; ; ; ; ; ; ; ; ; ; ; ; ; ; ; ; ; ; ; ; ; ; ; ; ; ; ; ; ; ; ; ; ; ; ; ; ; ; ; ; ; ; ; ; ; ; ; ; ; ; ; ; ; ; ; ; ; ; ; ; ; ; ; ; ; ; ; ; ; ; ; ; ; ; ; ; ; ; ; ; ; ; ; ; ; ; 
26;3193178;Samantha Buys;Full Time;Voice;Voice;Oliver Schleusen;;;;;;;;;;;;;;;;;;;;;;;;;;;;;;;;;;;;;;;;SL;SL;SL;SL;SL;SL;SL;SL;SL;SL;SL;SL;SL;SL;SL;SL;SL;SL;SL;OFFWE;OFFWE;SL;SL;SL;SL;SL;OFFWE;OFFWE;SL;SL;SL;SL;SL;OFFWE;OFFWE;SL;SL;SL;SL;SL;OFFWE;OFFWE;SL;SL;SL;SL;SL;OFFWE;OFFWE;SL;SL;SL;SL;PH;OFFWE;OFFWE;PH;SL;SL;SL;SL;OFFWE;OFFWE;SL;SL;SL;SL;SL;OFFWE;OFFWE;SL;SL;SL;SL;SL;OFFWE;OFFWE;SL;SL;SL;SL;PH;OFFWE;OFFWE;SL;SL;SL;SL;SL;OFFWE;OFFWE;SL;SL;SL;PH;SL;OFFWE;OFFWE;SL;SL;SL;SL;SL;OFFWE;OFFWE;PH;SL;SL;SL;SL;OFFWE;OFFWE;;;;;;;;;;;;;;;;;;;;;;;;;;;;;;;;;;;;;;;;;;;;;;;;;;;;;;;;;;;;;;;;;;;;;;;;;;;;;;;;;;;;;;;;;;;;;;;;;;;;;;;;;;;;;;;;;;;;;;;;;;;;;;;;;;;;;;;;;;;;;;;;;;;;;;;;;;;;;;;;;;;;;;;;;;;;;;;;;;;;;;;;;;;;;;;;;;;;;;;;;;;;;;;;;;;;;;
27;3193180;Cortneigh Halim;Full Time;Voice;Voice;Oliver Schleusen;;;;;;;;;;;;;;;;;;;;;;;;;;;;;;;;;;;;;;;;08:00 - 17:00;08:00 - 17:00;UL;UL;08:00 - 17:00;OFFWE;OFFWE;08:00 - 17:00;08:00 - 17:00;08:00 - 17:00;08:00 - 17:00;08:00 - 17:00;OFFWE;OFFWE;08:00 - 17:00;08:00 - 17:00;08:00 - 17:00;08:00 - 17:00;SL;OFFWE;OFFWE;08:00 - 17:00;Settings;Settings;Settings;Settings;OFFWE;OFFWE;Settings;UL;UL;08:00 - 17:00;08:00 - 17:00;OFFWE;OFFWE;08:00 - 17:00;08:00 - 17:00;08:00 - 17:00;08:00 - 17:00;08:00 - 17:00;OFFWE;OFFWE;08:00 - 17:00;08:00 - 17:00;08:00 - 17:00;08:00 - 17:00;08:00 - 17:00;OFFWE;OFFWE;08:00 - 17:00;08:00 - 17:00;08:00 - 17:00;08:00 - 17:00;PH;OFFWE;OFFWE;PH;08:00 - 17:00;08:00 - 17:00;08:00 - 17:00;08:00 - 17:00;OFFWE;OFFWE;08:00 - 17:00;08:00 - 17:00;08:00 - 17:00;AL;AL;OFFWE;OFFWE;AL;AL;AL;AL;AL;OFFWE;OFFWE;AL;AL;AL;AL;PH;OFFWE;OFFWE;AL;08:00 - 17:00;08:00 - 17:00;08:00 - 17:00;08:00 - 17:00;OFFWE;OFFWE;08:00 - 17:00;08:00 - 17:00;08:00 - 17:00;PH;08:00 - 17:00;OFFWE;OFFWE;08:00 - 17:00;08:00 - 17:00;08:00 - 17:00;08:00 - 17:00;08:00 - 17:00;OFFWE;OFFWE;PH;08:00 - 17:00;08:00 - 17:00;08:00 - 17:00;08:00 - 17:00;OFFWE;OFFWE;;;;;;;;;;;;;;;;;;;;;;;;;;;;;;;;;;;;;;;;;;;;;;;;;;;;;;;;;;;;;;;;;;;;;;;;;;;;;;;;;;;;;;;;;;;;;;;;;;;;;;;;;;;;;;;;;;;;;;;;;;;;;;;;;;;;;;;;;;;;;;;;;;;;;;;;;;;;;;;;;;;;;;;;;;;;;;;;;;;;;;;;;;;;;;;;;;;;;;;;;;;;;;;;;;;;;;
28;9128158;Erne Kis;Full Time;Chat CRO;Chat;Karlo Coric????? ;;;;;08:00 - 17:00 Training;08:00 - 17:00 Training;08:00 - 17:00 Training;08:00 - 17:00 Training;08:00 - 17:00 Training;OFFWE;OFFWE;08:00 - 17:00 Training;08:00 - 17:00 Training;08:00 - 17:00 Training;08:00 - 17:00 Training;08:00 - 17:00 Training;OFFWE;OFFWE;08:00 - 17:00 Training;08:00 - 17:00 Training;08:00 - 17:00 Training;08:00 - 17:00 Training;08:00 - 17:00 Training;OFFWE;OFFWE;08:00 - 17:00 Training;08:00 - 17:00 Training;08:00 - 17:00 Training;08:00 - 17:00 Training;08:00 - 17:00 Training;OFFWE;OFFWE;08:00 - 17:00 Training;08:00 - 17:00 Training;08:00 - 17:00 Training;08:00 - 17:00 Training;08:00 - 17:00 Training;OFFWE;OFFWE;08:00 - 17:00;08:00 - 17:00;08:00 - 17:00;08:00 - 17:00;08:00 - 17:00;OFFWE;OFFWE;08:00 - 17:00;08:00 - 17:00;08:00 - 17:00;08:00 - 17:00;08:00 - 17:00;OFFWE;OFFWE;08:00 - 17:00;08:00 - 17:00;08:00 - 17:00;08:00 - 17:00;08:00 - 17:00;OFFWE;OFFWE;08:00 - 17:00;08:00 - 17:00;08:00 - 17:00;08:00 - 17:00;08:00 - 17:00;OFFWE;OFFWE;07:00 - 16:00;07:00 - 16:00;07:00 - 16:00;07:00 - 16:00;07:00 - 16:00;OFFWE;OFFWE;09:00 - 18:00;07:00 - 16:00;09:00 - 18:00;09:00 - 18:00;09:00 - 18:00;OFFWE;OFFWE;09:00 - 18:00;09:00 - 18:00;09:00 - 18:00;09:00 - 18:00;09:00 - 18:00;OFFWE;OFFWE;AL;AL;AL;AL;PH;OFFWE;OFFWE;PH;AL;AL;AL;AL;OFFWE;OFFWE;07:00 - 16:00;07:00 - 16:00;07:00 - 16:00;07:00 - 16:00;07:00 - 16:00;OFFWE;OFFWE;09:00 - 18:00;09:00 - 18:00;09:00 - 18:00;09:00 - 18:00;09:00 - 18:00;OFFWE;OFFWE;07:00 - 16:00;07:00 - 16:00;07:00 - 16:00;07:00 - 16:00;PH;OFFWE;OFFWE;07:00 - 16:00;09:00 - 18:00;09:00 - 18:00;09:00 - 18:00;09:00 - 18:00;OFFWE;OFFWE;07:00 - 16:00;07:00 - 16:00;07:00 - 16:00;PH;07:00 - 16:00;OFFWE;OFFWE;07:00 - 16:00;07:00 - 16:00;07:00 - 16:00;AL;AL;OFFWE;OFFWE;PH;AL;AL;07:00 - 16:00;07:00 - 16:00;OFFWE;OFFWE;;;;;;;;;;;;;;;;;;;;;;;;;;;;;;;;;;;;;;;;;;;;;;;;;;;;;;;;;;;;;;;;;;;;;;;;;;;;;;;;;;;;;;;;;;;;;;;;;;;;;;;;;;;;;;;;;;;;;;;;;;;;;;;;;;;;;;;;;;;;;;;;;;;;;;;;;;;;;;;;;;;;;;;;;;;;;;;;;;;;;;;;;;;;;;;;;;;;;;;;;;;;;;;;;;;;;;
29;9126877;Ahmed Hasanovic;Full Time;Voice;Chat;Karlo Coric????? ;PH;08:00 - 17:00 Training;OFFWE;OFFWE;08:00 - 17:00 Training;08:00 - 17:00 Training;08:00 - 17:00 Training;08:00 - 17:00 Training;08:00 - 17:00 Training;OFFWE;OFFWE;08:00 - 17:00 Training;08:00 - 17:00 Training;08:00 - 17:00 Training;08:00 - 17:00 Training;08:00 - 17:00 Training;OFFWE;OFFWE;08:00 - 17:00 Training;08:00 - 17:00 Training;08:00 - 17:00 Training;08:00 - 17:00 Training;08:00 - 17:00 Training;OFFWE;OFFWE;08:00 - 17:00 Training;08:00 - 17:00 Training;08:00 - 17:00 Training;08:00 - 17:00 Training;08:00 - 17:00 Training;OFFWE;OFFWE;08:00 - 17:00 Training;08:00 - 17:00 Training;08:00 - 17:00 Training;08:00 - 17:00 Training;08:00 - 17:00 Training;OFFWE;OFFWE;08:00 - 17:00 Training;08:00 - 17:00 Training;08:00 - 17:00 Training;08:00 - 17:00 Training;08:00 - 17:00 Training;OFFWE;OFFWE;08:00 - 17:00;08:00 - 17:00;08:00 - 17:00;08:00 - 17:00;08:00 - 17:00;OFFWE;OFFWE;08:00 - 17:00;08:00 - 17:00;08:00 - 17:00;08:00 - 17:00;SL;OFFWE;OFFWE;08:00 - 17:00;08:00 - 17:00;09:00 - 18:00;09:00 - 18:00;09:00 - 18:00;OFFWE;OFFWE;09:00 - 18:00;09:00 - 18:00;09:00 - 18:00;09:00 - 18:00;09:00 - 18:00;OFFWE;OFFWE;07:00 - 16:00;07:00 - 16:00;07:00 - 16:00;OL;07:00 - 16:00;OFFWE;OFFWE;07:00 - 16:00;07:00 - 16:00;07:00 - 16:00;07:00 - 16:00;07:00 - 16:00;OFFWE;OFFWE;09:00 - 18:00;09:00 - 18:00;09:00 - 18:00;07:00 - 16:00;PH;OFFWE;OFFWE;PH;07:00 - 16:00;07:00 - 16:00;07:00 - 16:00;07:00 - 16:00;OFFWE;OFFWE;09:00 - 18:00;09:00 - 18:00;09:00 - 18:00;09:00 - 18:00;09:00 - 18:00;OFFWE;OFFWE;07:00 - 16:00;07:00 - 16:00;07:00 - 16:00;07:00 - 16:00;07:00 - 16:00;OFFWE;OFFWE;08:00 - 17:00;08:00 - 17:00;08:00 - 17:00;08:00 - 17:00;PH;OFFWE;OFFWE;08:00 - 17:00;08:00 - 17:00;08:00 - 17:00;08:00 - 17:00;08:00 - 17:00;OFFWE;OFFWE;08:00 - 17:00;08:00 - 17:00;08:00 - 17:00;PH;08:00 - 17:00;OFFWE;OFFWE;08:00 - 17:00;08:00 - 17:00;08:00 - 17:00;08:00 - 17:00;08:00 - 17:00;OFFWE;OFFWE;PH;08:00 - 17:00;08:00 - 17:00;08:00 - 17:00;08:00 - 17:00;OFFWE;OFFWE;;;;;;;;;;;;;;;;;;;;;;;;;;;;;;;;;;;;;;;;;;;;;;;;;;;;;;;;;;;;;;;;AL;AL;AL;AL;AL;OFFWE;OFFWE;AL;AL;AL;AL;AL;OFFWE;OFFWE;AL;AL;AL;AL;AL;OFFWE;OFFWE;;;;;;;;;;;;;;;;;;;;;;;;;;;;;;;;;;;;;;;;;;;;;;;;;;;;;;;;;;;;;;;;;;;;;;;;;;;;;;;;;;;;;;;;;;;;;;;;;;;;;;;;;;;;;;;;;;;;;;;;;;;;;;;;;;
30;9083024;Ercan Akdeniz;Full Time;Trainer;Voice;Oliver Schleusen;PH;AL;OFFWE;OFFWE;08:00 - 17:00;08:00 - 17:00;08:00 - 17:00;08:00 - 17:00;08:00 - 17:00;OFFWE;OFFWE;08:00 - 17:00;08:00 - 17:00;08:00 - 17:00;08:00 - 17:00;08:00 - 17:00;OFFWE;OFFWE;AL;08:00 - 17:00;08:00 - 17:00;08:00 - 17:00;AL;OFFWE;OFFWE;08:00 - 17:00;08:00 - 17:00;AL;08:00 - 17:00;08:00 - 17:00;OFFWE;OFFWE;AL;08:00 - 17:00;08:00 - 17:00;08:00 - 17:00;08:00 - 17:00;OFFWE;OFFWE;08:00 - 17:00;08:00 - 17:00;AL;08:00 - 17:00;08:00 - 17:00;OFFWE;OFFWE;08:00 - 17:00;08:00 - 17:00;08:00 - 17:00;08:00 - 17:00;08:00 - 17:00;OFFWE;OFFWE;08:00 - 17:00;08:00 - 17:00;08:00 - 17:00;08:00 - 17:00;08:00 - 17:00;OFFWE;OFFWE;08:00 - 17:00;08:00 - 17:00;08:00 - 17:00;08:00 - 17:00;08:00 - 17:00;OFFWE;OFFWE;AL;AL;AL;AL;AL;OFFWE;OFFWE;AL;08:00 - 17:00;08:00 - 17:00;08:00 - 17:00;08:00 - 17:00;OFFWE;OFFWE;08:00 - 17:00;08:00 - 17:00;08:00 - 17:00;08:00 - 17:00;08:00 - 17:00;OFFWE;OFFWE;08:00 - 17:00;08:00 - 17:00;08:00 - 17:00;08:00 - 17:00;PH;OFFWE;OFFWE;PH;08:00 - 17:00;08:00 - 17:00;08:00 - 17:00;08:00 - 17:00;OFFWE;OFFWE;08:00 - 17:00;08:00 - 17:00;08:00 - 17:00;08:00 - 17:00;08:00 - 17:00;OFFWE;OFFWE;08:00 - 17:00;08:00 - 17:00;08:00 - 17:00;08:00 - 17:00;08:00 - 17:00;OFFWE;OFFWE;08:00 - 17:00;08:00 - 17:00;08:00 - 17:00;08:00 - 17:00;PH;OFFWE;OFFWE;08:00 - 17:00;08:00 - 17:00;08:00 - 17:00;08:00 - 17:00;08:00 - 17:00;OFFWE;OFFWE;08:00 - 17:00;08:00 - 17:00;08:00 - 17:00;PH;08:00 - 17:00;OFFWE;OFFWE;08:00 - 17:00;08:00 - 17:00;08:00 - 17:00;08:00 - 17:00;08:00 - 17:00;OFFWE;OFFWE;PH;08:00 - 17:00;08:00 - 17:00;08:00 - 17:00;08:00 - 17:00;OFFWE;OFFWE;;;;;;;;;;;;;;;;;;;;;;;;;;;;;;;;;;;;;;;;;;;;;;;;;;;;;;;;;;;;;;;;;;;;;;;;;;;;;;;;;;;;;;;;;;;;;;;;;;;;;;;;;;;;;;;;;;;;;;;;;;;;;;;;;;;;;;;;;;;;;;;;;;;;;;;;;;;;;;;;;;;;;;;;;;;;;;;;;;;;;;;;;;;;;;;;;;;;;;;;;;;;;;;;;;;;;;
31;9074528;Kolja Christlieb;Part-Time;Voice;Voice;Delia Panaitescu;PH;08:00 - 13:00;OFFWE;OFFWE;08:00 - 13:00;08:00 - 13:00;08:00 - 13:00;08:00 - 13:00;08:00 - 13:00;OFFWE;OFFWE;08:00 - 13:00;08:00 - 13:00;08:00 - 13:00;08:00 - 13:00;08:00 - 13:00;OFFWE;OFFWE;08:00 - 13:00;08:00 - 13:00;08:00 - 13:00;08:00 - 13:00;08:00 - 13:00;OFFWE;OFFWE;08:00 - 13:00;08:00 - 13:00;08:00 - 13:00;08:00 - 13:00;08:00 - 13:00;OFFWE;OFFWE;08:00 - 13:00;08:00 - 13:00;08:00 - 13:00;08:00 - 13:00;08:00 - 13:00;OFFWE;OFFWE;08:00 - 13:00;08:00 - 13:00;08:00 - 13:00;08:00 - 13:00;08:00 - 13:00;OFFWE;OFFWE;08:00 - 13:00;08:00 - 13:00;08:00 - 13:00;08:00 - 13:00;08:00 - 13:00;OFFWE;OFFWE;08:00 - 13:00;08:00 - 13:00;08:00 - 13:00;08:00 - 13:00;08:00 - 13:00;OFFWE;OFFWE;08:00 - 13:00;08:00 - 13:00;08:00 - 13:00;08:00 - 13:00;08:00 - 13:00;OFFWE;OFFWE;08:00 - 13:00;08:00 - 13:00;08:00 - 13:00;08:00 - 13:00;08:00 - 13:00;OFFWE;OFFWE;08:00 - 13:00;08:00 - 13:00;08:00 - 13:00;08:00 - 13:00;08:00 - 13:00;OFFWE;OFFWE;08:00 - 13:00;08:00 - 13:00;08:00 - 13:00;08:00 - 13:00;08:00 - 13:00;OFFWE;OFFWE;08:00 - 13:00;08:00 - 13:00;08:00 - 13:00;08:00 - 13:00;PH;OFFWE;OFFWE;PH;08:00 - 13:00;08:00 - 13:00;08:00 - 13:00;08:00 - 13:00;OFFWE;OFFWE;08:00 - 13:00;08:00 - 13:00;08:00 - 13:00;08:00 - 13:00;08:00 - 13:00;OFFWE;OFFWE;08:00 - 13:00;08:00 - 13:00;08:00 - 13:00;08:00 - 13:00;08:00 - 13:00;OFFWE;OFFWE;08:00 - 13:00;08:00 - 13:00;08:00 - 13:00;08:00 - 13:00;PH;OFFWE;OFFWE;AL;AL;AL;AL;AL;OFFWE;OFFWE;AL;AL;AL;PH;AL;OFFWE;OFFWE;08:00 - 13:00;08:00 - 13:00;08:00 - 13:00;08:00 - 13:00;08:00 - 13:00;OFFWE;OFFWE;PH;08:00 - 13:00;08:00 - 13:00;08:00 - 13:00;08:00 - 13:00;OFFWE;OFFWE;;;;;;;;;;;;;;;;;;;;;;;;;;;;;;;;;;;;;;;;;;;;;;;;;;;;;;;;;;;;;;;;;;;;;;;;;;;;;;;;;;;;;;;;;;;;;;;;;;;;;;;;;;;;;;;;;;;;;;;;;;;;;;;;;;;;;;;;;;;;;;;;;;;;;;;;;;;;;;;;;;;;;;;;;;;;;;;;;;;;;;;;;;;;;;;;;;;;;;;;;;;;;;;;;;;;;;
32;9090514;Sam Alisha Metzner;Part-Time;Voice;Voice;Delia Panaitescu;PH;09:00 - 15:00;OFFWE;OFFWE;09:00 - 15:00;09:00 - 15:00;09:00 - 15:00;09:00 - 15:00;09:00 - 15:00;OFFWE;OFFWE;09:00 - 15:00;09:00 - 15:00;09:00 - 15:00;09:00 - 15:00;09:00 - 15:00;OFFWE;OFFWE;09:00 - 15:00;09:00 - 15:00;09:00 - 15:00;AL;AL;OFFWE;OFFWE;09:00 - 15:00;SL;SL;SL;SL;SL;SL;SL;SL;SL;SL;SL;SL;SL;SL;SL;SL;SL;SL;SL;SL;SL;SL;SL;SL;SL;SL;SL;SL;SL;SL;SL;SL;OFFWE;OFFWE;09:00 - 15:00;09:00 - 15:00;09:00 - 15:00;09:00 - 15:00;09:00 - 15:00;OFFWE;OFFWE;AL;AL;09:00 - 15:00;09:00 - 15:00;09:00 - 15:00;OFFWE;OFFWE;09:00 - 15:00;09:00 - 15:00;09:00 - 15:00;09:00 - 15:00;09:00 - 15:00;OFFWE;OFFWE;09:00 - 15:00;09:00 - 15:00;09:00 - 15:00;09:00 - 15:00;09:00 - 15:00;OFFWE;OFFWE;09:00 - 15:00;09:00 - 15:00;09:00 - 15:00;09:00 - 15:00;PH;OFFWE;OFFWE;PH;09:00 - 15:00;09:00 - 15:00;09:00 - 15:00;09:00 - 15:00;OFFWE;OFFWE;09:00 - 15:00;09:00 - 15:00;AL;AL;AL;OFFWE;OFFWE;09:00 - 15:00;09:00 - 15:00;09:00 - 15:00;09:00 - 15:00;09:00 - 15:00;OFFWE;OFFWE;09:00 - 15:00;09:00 - 15:00;09:00 - 15:00;09:00 - 15:00;PH;OFFWE;OFFWE;09:00 - 15:00;09:00 - 15:00;09:00 - 15:00;09:00 - 15:00;09:00 - 15:00;OFFWE;OFFWE;09:00 - 15:00;09:00 - 15:00;09:00 - 15:00;PH;09:00 - 15:00;OFFWE;OFFWE;09:00 - 15:00;09:00 - 15:00;09:00 - 15:00;09:00 - 15:00;09:00 - 15:00;OFFWE;OFFWE;PH;09:00 - 15:00;09:00 - 15:00;09:00 - 15:00;09:00 - 15:00;OFFWE;OFFWE;;;;;;;;;;;;;;;;;;;;;;;;;;;;;;;;;;;;;;;;;;;;;;;;;;;;;;;;;;;;;;;;;;;;;;;;;;;;;;;;;;;;;;;;;;;;;;;;;;;;;;;;;;;;;;;;;;;;;;;;;;;;;;;;;;;;;;;;;;;;;;;;;;;;;;;;;;;;;;;;;;;;;;;;;;;;;;;;;;;;;;;;;;;;;;;;;;;;;;;;;;;;;;;;;;;;;;
33;4451020;Ivonne Specht;Part-Time;Voice;Voice;Karlo Coric????? ;PH;AL;OFFWE;OFFWE;08:30 - 14:00;08:30 - 14:00;08:30 - 14:00;08:30 - 14:00;08:30 - 14:00;OFFWE;OFFWE;08:30 - 14:00;08:30 - 14:00;08:30 - 14:00;08:30 - 14:00;08:30 - 14:00;OFFWE;OFFWE;08:30 - 14:00;08:30 - 14:00;08:30 - 14:00;08:30 - 14:00;08:30 - 14:00;OFFWE;OFFWE;08:30 - 14:00;08:30 - 14:00;08:30 - 14:00;08:30 - 14:00;08:30 - 14:00;OFFWE;OFFWE;08:30 - 14:00;08:30 - 14:00;08:30 - 14:00;08:30 - 14:00;08:30 - 14:00;OFFWE;OFFWE;08:30 - 14:00;08:30 - 14:00;08:30 - 14:00;08:30 - 14:00;08:30 - 14:00;OFFWE;OFFWE;SL;SL;SL;08:30 - 14:00;08:30 - 14:00;OFFWE;OFFWE;08:30 - 14:00;08:30 - 14:00;08:30 - 14:00;08:30 - 14:00;08:30 - 14:00;OFFWE;OFFWE;08:30 - 14:00;08:30 - 14:00;08:30 - 14:00;08:30 - 14:00;08:30 - 14:00;OFFWE;OFFWE;08:30 - 14:00;08:30 - 14:00;08:30 - 14:00;08:30 - 14:00;08:30 - 14:00;OFFWE;OFFWE;08:30 - 14:00;08:30 - 14:00;08:30 - 14:00;08:30 - 14:00;08:30 - 14:00;OFFWE;OFFWE;SL;08:30 - 14:00;08:30 - 14:00;08:30 - 14:00;08:30 - 14:00;OFFWE;OFFWE;08:30 - 14:00;08:30 - 14:00;SL;SL;PH;OFFWE;OFFWE;PH;AL;AL;AL;AL;OFFWE;OFFWE;08:30 - 14:00;08:30 - 14:00;08:30 - 14:00;08:30 - 14:00;08:30 - 14:00;OFFWE;OFFWE;08:30 - 14:00;08:30 - 14:00;08:30 - 14:00;08:30 - 14:00;SL;OFFWE;OFFWE;08:30 - 14:00;08:30 - 14:00;08:30 - 14:00;08:30 - 14:00;PH;OFFWE;OFFWE;AL;AL;08:30 - 14:00;08:30 - 14:00;08:30 - 14:00;OFFWE;OFFWE;08:30 - 14:00;08:30 - 14:00;08:30 - 14:00;PH;AL;OFFWE;OFFWE;08:30 - 14:00;08:30 - 14:00;08:30 - 14:00;08:30 - 14:00;08:30 - 14:00;OFFWE;OFFWE;PH;08:30 - 14:00;08:30 - 14:00;08:30 - 14:00;08:30 - 14:00;OFFWE;OFFWE;;;;;AL;;;;;;;;;;;;;;;;;;;;;;;;;;;;;;;AL;AL;AL;AL;AL;;;AL;AL;AL;AL;AL;;;AL;AL;AL;AL;AL;;;;;;;;;;;;;;;;;;;;;;;;;;;;;;;;;;;;;;;;;;;;;;;;;;;;;;;;;;;;;;;;;;;;;;;;;AL;AL;AL;AL;AL;;;;;;;;;;;;;;;;;;;;;;;;;;;;;;;;;;;;;;;;;;;;;;;;;;;;;;;;;;;;;;;;;;;;;;;;;;;;AL;;;;AL;AL;AL;AL
34;9074590;Tri Toan Nguyen;Student;Voice;Voice;Oliver Schleusen;PH;OFF;OFFWE;OFFWE;SL;SL;SL;SL;SL;OFFWE;OFFWE;07:00 - 16:00;07:00 - 13:00;OFF;07:00 - 13:00;OFF;OFFWE;OFFWE;07:00 - 13:00;07:00 - 16:00;OFF;07:00 - 13:00;OFF;OFFWE;OFFWE;07:00 - 13:00;07:00 - 16:00;OFF;07:00 - 13:00;OFF;OFFWE;OFFWE;06:00 - 12:00;07:00 - 16:00;OFF;07:00 - 13:00;OFF;OFFWE;OFFWE;07:00 - 13:00;AL;OFF;AL;OFF;OFFWE;OFFWE;AL;AL;OFF;07:00 - 13:00;OFF;OFFWE;OFFWE;07:00 - 13:00;07:00 - 16:00;OFF;07:00 - 13:00;OFF;OFFWE;OFFWE;07:00 - 13:00;07:00 - 16:00;OFF;07:00 - 13:00;OFF;OFFWE;OFFWE;07:00 - 13:00;07:00 - 16:00;OFF;07:00 - 13:00;OFF;OFFWE;OFFWE;SL;SL;SL;SL;SL;OFFWE;OFFWE;07:00 - 13:00;OFF;07:00 - 16:00;08:00 - 14:00;OFF;OFFWE;OFFWE;07:00 - 13:00;07:00 - 16:00;OFF;07:00 - 13:00;PH;OFFWE;OFFWE;PH;07:00 - 16:00;OFF;07:00 - 13:00;OFF;OFFWE;OFFWE;07:00 - 13:00;07:00 - 16:00;OFF;07:00 - 13:00;OFF;OFFWE;OFFWE;07:00 - 13:00;07:00 - 16:00;OFF;07:00 - 13:00;OFF;OFFWE;OFFWE;07:00 - 13:00;07:00 - 16:00;OFF;07:00 - 13:00;PH;OFFWE;OFFWE;07:00 - 16:00;07:00 - 13:00;OFF;07:00 - 13:00;OFF;OFFWE;OFFWE;AL;AL;OFF;PH;OFF;OFFWE;OFFWE;07:00 - 13:00;07:00 - 16:00;OFF;07:00 - 13:00;OFF;OFFWE;OFFWE;PH;07:00 - 16:00;OFF;07:00 - 13:00;OFF;OFFWE;OFFWE;;;;;;;;;;;;;;;;;;;;;;;;;;;;;;;;;;;;;;;;;;;;;;;;;;;;;;;;;;;;;;;;;;;;;;;;;;;;;;;;;;;;;;;;;;;;;;;;;;;;;;;;;;;;;;;;;;;;;;;;;;;;;;;;;;;;;;;;;;;;;;;;;;;;;;;;;;;;;;;;;;;;;;;;;;;;;;;;;;;;;;;;;;;;;;;;;;;;;;;;;;;;;;;;;;;;;;
35;9074549;Mitko Kilogramski;Student;Voice;Voice;Delia Panaitescu;PH;08:00 - 13:00;OFFWE;OFFWE;13:00 - 17:00;08:00 - 13:00;OFF;08:00 - 14:00;08:00 - 13:00;OFFWE;OFFWE;13:00 - 17:00;08:00 - 13:00;OFF;08:00 - 14:00;08:00 - 13:00;OFFWE;OFFWE;13:00 - 17:00;08:00 - 13:00;OFF;08:00 - 14:00;08:00 - 13:00;OFFWE;OFFWE;13:00 - 17:00;08:00 - 13:00;08:00 - 14:00;OFF;08:00 - 13:00;OFFWE;OFFWE;13:00 - 17:00;08:00 - 13:00;OFF;08:00 - 14:00;08:00 - 13:00;OFFWE;OFFWE;13:00 - 17:00;08:00 - 13:00;OFF;08:00 - 14:00;08:00 - 13:00;OFFWE;OFFWE;13:00 - 17:00;08:00 - 13:00;OFF;08:00 - 14:00;08:00 - 13:00;OFFWE;OFFWE;13:00 - 17:00;08:00 - 13:00;OFF;08:00 - 14:00;08:00 - 13:00;OFFWE;OFFWE;SL;SL;SL;SL;SL;OFFWE;OFFWE;SL;SL;SL;SL;SL;OFFWE;OFFWE;SL;SL;SL;SL;SL;SL;SL;SL;SL;SL;SL;SL;SL;SL;SL;SL;SL;SL;SL;SL;SL;SL;SL;SL;SL;SL;OFFWE;OFFWE;SL;SL;SL;SL;SL;OFFWE;OFFWE;13:00 - 17:00;08:00 - 13:00;08:00 - 14:00;OFF;08:00 - 13:00;OFFWE;OFFWE;13:00 - 17:00;08:00 - 13:00;08:00 - 14:00;OFF;PH;OFFWE;OFFWE;13:00 - 17:00;08:00 - 13:00;08:00 - 14:00;OFF;08:00 - 13:00;OFFWE;OFFWE;13:00 - 17:00;08:00 - 13:00;08:00 - 14:00;PH;08:00 - 13:00;OFFWE;OFFWE;13:00 - 17:00;08:00 - 13:00;08:00 - 14:00;OFF;08:00 - 13:00;OFFWE;OFFWE;PH;08:00 - 13:00;08:00 - 14:00;OFF;08:00 - 13:00;OFFWE;OFFWE;;;;;;;;;;;;;;;;;;;;;;;;;;;;;;;;;;;;;;;;;;;;;;;;;;;;;;;;;;;;;;;;;;;;;;;;;;;;;;;;;;;;;;;;;;;;;;;;;;;;;;;;;;;;;;;;;;;;;;;;;;;;;;;;;;;;;;;;;;;;;;;;;;;;;;;;;;;;;;;;;;;;;;;;;;;;;;;;;;;;;;;;;;;;;;;;;;;;;;;;;;;;;;;;;;;;;;
36;9076905;Arevig Ketenjian;Student;Voice;Voice;Delia Panaitescu;PH;OFF;OFFWE;OFFWE;11:00 - 17:00;07:00 - 15:00;OFF;07:00 - 16:00;OFF;OFFWE;OFFWE;11:00 - 15:00;08:00 - 17:00;OFF;07:00 - 16:00;OFF;OFFWE;OFFWE;11:00 - 15:00;08:00 - 17:00;OFF;07:00 - 16:00;OFF;OFFWE;OFFWE;11:00 - 15:00;08:00 - 17:00;OFF;08:00 - 17:00;OFF;OFFWE;OFFWE;11:00 - 15:00;08:00 - 17:00;OFF;SL;OFF;OFFWE;OFFWE;11:00 - 15:00;08:00 - 17:00;OFF;07:00 - 16:00;OFF;OFFWE;OFFWE;11:00 - 15:00;08:00 - 17:00;OFF;07:00 - 16:00;OFF;OFFWE;OFFWE;11:00 - 15:00;08:00 - 17:00;OFF;08:00 - 17:00;OFF;OFFWE;OFFWE;11:00 - 15:00;08:00 - 13:00;OFF;OFF;OFF;OFFWE;OFFWE;11:00 - 15:00;08:00 - 14:00;OFF;OFF;OFF;OFFWE;OFFWE;OFF;07:00 - 16:00;OFF;OFF;OFF;OFFWE;OFFWE;OFF;07:00 - 16:00;OFF;OFF;OFF;OFFWE;OFFWE;OFF;07:00 - 11:00;OFF;OFF;PH;OFFWE;OFFWE;PH;SL;OFF;OFF;OFF;OFFWE;OFFWE;OFF;OFF;OFF;07:00 - 16:00;OFF;OFFWE;OFFWE;07:00 - 16:00;OFF;OFF;OFF;OFF;OFFWE;OFFWE;OFF;OFF;OFF;OFF;PH;OFFWE;OFFWE;07:00 - 16:00;OFF;OFF;OFF;OFF;OFFWE;OFFWE;07:00 - 16:00;OFF;OFF;PH;OFF;OFFWE;OFFWE;07:00 - 16:00;OFF;OFF;OFF;OFF;OFFWE;OFFWE;PH;07:00 - 16:00;OFF;08:00 - 17:00;OFF;OFFWE;OFFWE;;;;;;;;;;;;;;;;;;;;;;;;;;;;;;;;;;;;;;;;;;;;;;;;;;;;;;;;;;;;;;;;;;;;;;;;;;;;;;;;;;;;;;;;;;;;;;;;;;;;;;;;;;;;;;;;;;;;;;;;;;;;;;;;;;;;;;;;;;;;;;;;;;;;;;;;;;;;;;;;;;;;;;;;;;;;;;;;;;;;;;;;;;;;;;;;;;;;;;;;;;;;;;;;;;;;;;
37;9086366;Tarek Tabbara;Student;Voice;Voice;Oliver Schleusen;PH;OFF;OFFWE;OFFWE;SL;SL;SL;OFF;OFF;OFFWE;OFFWE;08:00 - 14:00;08:00 - 14:00;08:00 - 17:00;OFF;OFF;OFFWE;OFFWE;08:00 - 14:00;08:00 - 14:00;08:00 - 17:00;OFF;OFF;OFFWE;OFFWE;08:00 - 14:00;08:00 - 14:00;08:00 - 17:00;OFF;OFF;OFFWE;OFFWE;08:00 - 14:00;08:00 - 14:00;08:00 - 17:00;OFF;OFF;OFFWE;OFFWE;08:00 - 14:00;08:00 - 14:00;08:00 - 17:00;OFF;OFF;OFFWE;OFFWE;08:00 - 14:00;08:00 - 14:00;08:00 - 17:00;OFF;OFF;OFFWE;OFFWE;08:00 - 14:00;08:00 - 14:00;08:00 - 17:00;OFF;OFF;OFFWE;OFFWE;08:00 - 14:00;08:00 - 14:00;08:00 - 17:00;OFF;OFF;OFFWE;OFFWE;08:00 - 14:00;08:00 - 14:00;08:00 - 17:00;OFF;OFF;OFFWE;OFFWE;08:00 - 14:00;08:00 - 14:00;08:00 - 17:00;OFF;OFF;OFFWE;OFFWE;08:00 - 14:00;08:00 - 14:00;08:00 - 17:00;OFF;OFF;OFFWE;OFFWE;08:00 - 14:00;08:00 - 14:00;08:00 - 17:00;OFF;PH;OFFWE;OFFWE;PH;08:00 - 14:00;08:00 - 17:00;OFF;OFF;OFFWE;OFFWE;08:00 - 14:00;08:00 - 14:00;08:00 - 17:00;OFF;OFF;OFFWE;OFFWE;08:00 - 14:00;08:00 - 14:00;08:00 - 17:00;OFF;OFF;OFFWE;OFFWE;08:00 - 14:00;08:00 - 14:00;08:00 - 17:00;OFF;PH;OFFWE;OFFWE;08:00 - 14:00;08:00 - 14:00;08:00 - 17:00;OFF;OFF;OFFWE;OFFWE;08:00 - 14:00;08:00 - 14:00;08:00 - 17:00;PH;OFF;OFFWE;OFFWE;AL;08:00 - 14:00;08:00 - 17:00;OFF;OFF;OFFWE;OFFWE;PH;AL;AL;OFF;OFF;OFFWE;OFFWE;08:00 - 14:00;08:00 - 14:00;08:00 - 17:00;;;;;;;;;;;;;;;;;;;;;;;;;;;;;;;;;;;;;;;;;;;;;;;;;;;;;;;;;;;;;;;;;;;;;;;;;;;;;;;;;;;;;;;;;;;;;;;;;;;;;;;;;;;;;;;;;;;;;;;;;;;;;;;;;;;;;;;;;;;;;;;;;;;;;;;;;;;;;;;;;;;;;;;;;;;;;;;;;;;;;;;;;;;;;;;;;;;;;;;;;;;;;;;;;;;
38;9114617;Christian Pastors;Student;Voice;Voice;Oliver Schleusen;SL;SL;SL;SL;SL;SL;SL;SL;SL;OFFWE;OFFWE;08:00 - 17:00;OFF;08:00 - 14:00;08:00 - 14:00;OFF;OFFWE;OFFWE;08:00 - 17:00;OFF;08:00 - 14:00;08:00 - 14:00;OFF;OFFWE;OFFWE;08:00 - 17:00;OFF;08:00 - 14:00;08:00 - 14:00;OFF;OFFWE;OFFWE;08:00 - 17:00;OFF;08:00 - 14:00;08:00 - 14:00;OFF;OFFWE;OFFWE;08:00 - 17:00;OFF;08:00 - 14:00;08:00 - 14:00;OFF;OFFWE;OFFWE;08:00 - 17:00;OFF;08:00 - 14:00;08:00 - 14:00;OFF;OFFWE;OFFWE;08:00 - 17:00;OFF;08:00 - 14:00;08:00 - 14:00;OFF;OFFWE;OFFWE;08:00 - 17:00;OFF;08:00 - 14:00;08:00 - 14:00;OFF;OFFWE;OFFWE;08:00 - 17:00;OFF;08:00 - 14:00;09:00 - 15:00;OFF;OFFWE;OFFWE;08:00 - 17:00;OFF;08:00 - 14:00;08:00 - 14:00;OFF;OFFWE;OFFWE;08:00 - 17:00;OFF;08:00 - 14:00;08:00 - 14:00;OFF;OFFWE;OFFWE;OFF;SL;08:00 - 14:00;08:00 - 14:00;PH;OFFWE;OFFWE;PH;OFF;08:00 - 14:00;08:00 - 14:00;OFF;OFFWE;OFFWE;08:00 - 17:00;08:00 - 14:00;OFF;08:00 - 14:00;OFF;OFFWE;OFFWE;08:00 - 17:00;OFF;08:00 - 14:00;08:00 - 14:00;OFF;OFFWE;OFFWE;08:00 - 17:00;OFF;08:00 - 14:00;08:00 - 14:00;PH;OFFWE;OFFWE;08:00 - 17:00;OFF;08:00 - 14:00;08:00 - 14:00;OFF;OFFWE;OFFWE;SL;SL;SL;PH;SL;OFFWE;OFFWE;08:00 - 17:00;OFF;08:00 - 14:00;08:00 - 14:00;OFF;OFFWE;OFFWE;PH;OFF;08:00 - 14:00;08:00 - 14:00;OFF;OFFWE;OFFWE;;;;;;;;;;;;;;;;;;;;;;;;;;;;;;;;;;;;;;;;;;;;;;;;;;;;;;;;;;;;;;;;;;;;;;;;;;;;;;;;;;;;;;;;;;;;;;;;;;;;;;;;;;;;;;;;;;;;;;;;;;;;;;;;;;;;;;;;;;;;;;;;;;;;;;;;;;;;;;;;;;;;;;;;;;;;;;;;;;;;;;;;;;;;;;;;;;;;;;;;;;;;;;;;;;;;;;
39;9114618;Mustafa Deveci;Student;Voice;Voice;Oliver Schleusen;PH;07:00 - 16:00;OFFWE;OFFWE;OFF;OFF;SL;SL;SL;OFFWE;OFFWE;OFF;OFF;07:00 - 13:00;07:00 - 13:00;07:00 - 16:00;OFFWE;OFFWE;OFF;OFF;08:00 - 14:00;07:00 - 13:00;07:00 - 16:00;OFFWE;OFFWE;OFF;OFF;07:00 - 13:00;07:00 - 13:00;07:00 - 16:00;OFFWE;OFFWE;OFF;OFF;07:00 - 13:00;SL;SL;OFFWE;OFFWE;OFF;OFF;SL;SL;SL;OFFWE;OFFWE;OFF;OFF;07:00 - 13:00;07:00 - 13:00;07:00 - 16:00;OFFWE;OFFWE;OFF;OFF;07:00 - 16:00;07:00 - 13:00;07:00 - 13:00;OFFWE;OFFWE;OFF;OFF;07:00 - 13:00;07:00 - 13:00;07:00 - 16:00;OFFWE;OFFWE;OFF;OFF;07:00 - 13:00;07:00 - 16:00;07:00 - 13:00;OFFWE;OFFWE;OFF;OFF;07:00 - 13:00;07:00 - 16:00;07:00 - 13:00;OFFWE;OFFWE;OFF;OFF;07:00 - 13:00;08:00 - 14:00;07:00 - 16:00;OFFWE;OFFWE;OFF;OFF;07:00 - 13:00;07:00 - 13:00;PH;OFFWE;OFFWE;PH;OFF;SL;SL;SL;OFFWE;OFFWE;OFF;OFF;SL;SL;SL;OFFWE;OFFWE;OFF;OFF;07:00 - 13:00;07:00 - 13:00;07:00 - 16:00;OFFWE;OFFWE;OFF;OFF;07:00 - 13:00;07:00 - 13:00;PH;OFFWE;OFFWE;OFF;OFF;07:00 - 13:00;07:00 - 13:00;07:00 - 16:00;OFFWE;OFFWE;OFF;OFF;07:00 - 13:00;PH;07:00 - 16:00;OFFWE;OFFWE;OFF;OFF;07:00 - 13:00;07:00 - 13:00;07:00 - 16:00;OFFWE;OFFWE;PH;OFF;07:00 - 13:00;07:00 - 13:00;07:00 - 16:00;OFFWE;OFFWE;;;;;;;;;;;;;;;;;;;;;;;;;;;;;;;;;;;;;;;;;;;;;;;;;;;;;;;;;;;;;;;;;;;;;;;;;;;;;;;;;;;;;;;;;;;;;;;;;;;;;;;;;;;;;;;;;;;;;;;;;;;;;;;;;;;;;;;;;;;;;;;;;;;;;;;;;;;;;;;;;;;;;;;;;;;;;;;;;;;;;;;;;;;;;;;;;;;;;;;;;;;;;;;;;;;;;;
40;9119463;Jonathan Freudenthaler;Student;Voice;Voice;Oliver Schleusen;PH;OFF;OFFWE;OFFWE;08:00 - 12:00;08:00 - 17:00;08:00 - 17:00;OFF;OFF;OFFWE;OFFWE;08:00 - 12:00;08:00 - 17:00;10:00 - 17:00;OFF;OFF;OFFWE;OFFWE;08:00 - 12:00;SL;SL;SL;SL;OFFWE;OFFWE;SL;08:00 - 17:00;08:00 - 17:00;OFF;OFF;OFFWE;OFFWE;08:00 - 12:00;08:00 - 17:00;08:00 - 17:00;OFF;OFF;OFFWE;OFFWE;08:00 - 12:00;08:00 - 17:00;08:00 - 17:00;OFF;OFF;OFFWE;OFFWE;08:00 - 12:00;08:00 - 17:00;08:00 - 17:00;OFF;OFF;OFFWE;OFFWE;08:00 - 12:00;08:00 - 17:00;08:00 - 17:00;OFF;OFF;OFFWE;OFFWE;08:00 - 12:00;08:00 - 17:00;10:00 - 17:00;OFF;OFF;OFFWE;OFFWE;08:00 - 14:00;08:00 - 17:00;08:00 - 17:00;OFF;OFF;OFFWE;OFFWE;OFF;08:00 - 17:00;08:00 - 17:00;08:00 - 12:00;OFF;OFFWE;OFFWE;08:00 - 12:00;08:00 - 17:00;08:00 - 17:00;OFF;OFF;OFFWE;OFFWE;08:00 - 12:00;08:00 - 17:00;08:00 - 17:00;OFF;PH;OFFWE;OFFWE;PH;08:00 - 17:00;08:00 - 17:00;OFF;OFF;OFFWE;OFFWE;08:00 - 12:00;SL;08:00 - 17:00;OFF;OFF;OFFWE;OFFWE;08:00 - 12:00;08:00 - 17:00;08:00 - 17:00;OFF;OFF;OFFWE;OFFWE;08:00 - 12:00;08:00 - 17:00;08:00 - 17:00;OFF;PH;OFFWE;OFFWE;08:00 - 12:00;08:00 - 17:00;08:00 - 17:00;OFF;OFF;OFFWE;OFFWE;08:00 - 12:00;08:00 - 17:00;08:00 - 17:00;PH;OFF;OFFWE;OFFWE;08:00 - 12:00;08:00 - 17:00;08:00 - 17:00;OFF;OFF;OFFWE;OFFWE;PH;08:00 - 17:00;08:00 - 17:00;OFF;OFF;OFFWE;OFFWE;;;;;;;;;;;;;;;;;;;;;;;;;;;;;;;;;;;;;;;;;;;;;;;;;;;;;;;;;;;;;;;;;;;;;;;;;;;;;;;;;;;;;;;;;;;;;;;;;;;;;;;;;;;;;;;;;;;;;;;;;;;;;;;;;;;;;;;;;;;;;;;;;;;;;;;;;;;;;;;;;;;;;;;;;;;;;;;;;;;;;;;;;;;;;;;;;;;;;;;;;;;;;;;;;;;;;;
42;9120970;Amani Kedo;Full Time;SSP;WIC;Tobias Rossberg;PH;OFF;OFFWE;OFFWE;08:00 - 14:00;08:00 - 14:00;OFF;08:00 - 17:00;OFF;OFFWE;OFFWE;08:00 - 14:00;08:00 - 14:00;OFF;08:00 - 17:00;OFF;OFFWE;OFFWE;08:00 - 14:00;08:00 - 14:00;OFF;08:00 - 17:00;08:00 - 14:00;OFFWE;OFFWE;OFF;08:00 - 14:00;SL;SL;SL;OFFWE;OFFWE;08:00 - 14:00;08:00 - 11:00;08:00 - 11:00;08:00 - 17:00;OFF;OFFWE;OFFWE;SL;SL;SL;SL;SL;OFFWE;OFFWE;08:00 - 14:00;08:00 - 14:00;OFF;08:00 - 17:00;OFF;OFFWE;OFFWE;08:00 - 14:00;08:00 - 14:00;OFF;WIC                                       08:00 - 17:00;OFF;OFFWE;OFFWE;08:00 - 17:00;08:00 - 17:00;08:00 - 17:00;WIC                                       07:30 - 16:30;08:00 - 17:00;OFFWE;OFFWE;08:00 - 17:00;08:00 - 17:00;08:00 - 17:00;WIC                                       07:30 - 16:30;08:00 - 17:00;OFFWE;OFFWE;08:00 - 17:00;08:00 - 17:00;08:00 - 17:00;WIC                                       07:30 - 16:30;08:00 - 17:00;OFFWE;OFFWE;08:00 - 17:00;08:00 - 17:00;08:00 - 17:00;WIC                                       07:30 - 16:30;08:00 - 17:00;OFFWE;OFFWE;08:00 - 17:00;08:00 - 17:00;08:00 - 17:00;WIC                                       07:30 - 16:30;PH;OFFWE;OFFWE;PH;SL;SL;SL;SL;OFFWE;OFFWE;08:00 - 17:00;08:00 - 17:00;08:00 - 17:00;WIC                                       07:30 - 16:30;08:00 - 17:00;OFFWE;OFFWE;08:00 - 17:00;08:00 - 17:00;08:00 - 17:00;WIC                                       07:30 - 16:30;08:00 - 17:00;OFFWE;OFFWE;08:00 - 17:00;08:00 - 17:00;08:00 - 17:00;WIC                                       07:30 - 16:30;PH;OFFWE;OFFWE;08:00 - 17:00;08:00 - 17:00;08:00 - 17:00;WIC                                       07:30 - 16:30;08:00 - 17:00;OFFWE;OFFWE;08:00 - 17:00;08:00 - 17:00;08:00 - 17:00;PH;08:00 - 17:00;OFFWE;OFFWE;08:00 - 17:00;08:00 - 17:00;08:00 - 17:00;WIC                                       07:30 - 16:30;08:00 - 17:00;OFFWE;OFFWE;PH;08:00 - 17:00;08:00 - 17:00;WIC                                       07:30 - 16:30;08:00 - 17:00;OFFWE;OFFWE;;;;;;;;;;;;;;;;;;;;;;;;;;;;;;;;;;;;;;;;;;;;;;;;;;;;;;;;;;;;;;;;;;;;;;;;;;;;;;;;;;;;;;;;;;;;;;;;;;;;;;;;;;;;;;;;;;;;;;;;;;;;;;;;;;;;;;;;;;;;;;;;;;;;;;;;;;;;;;;;;;;;;;;;;;;;;;;;;;;;;;;;;;;;;;;;;;;;;;;;;;;;;;;;;;;;;;
44;9124687;Zehra Sila Görgün;Student;Voice;Voice;Oliver Schleusen;PH;08:00 - 17:00;OFFWE;OFFWE;OFF;OFF;OFF;08:00 - 17:00;08:00 - 17:00;OFFWE;OFFWE;OFF;OFF;OFF;08:00 - 17:00;08:00 - 17:00;OFFWE;OFFWE;OFF;OFF;OFF;08:00 - 17:00;08:00 - 17:00;OFFWE;OFFWE;OFF;OFF;OFF;08:00 - 17:00;08:00 - 17:00;OFFWE;OFFWE;OFF;OFF;OFF;08:00 - 17:00;08:00 - 17:00;OFFWE;OFFWE;OFF;OFF;OFF;08:00 - 17:00;08:00 - 17:00;OFFWE;OFFWE;OFF;OFF;OFF;08:00 - 17:00;SL;OFFWE;OFFWE;OFF;OFF;OFF;08:00 - 17:00;08:00 - 17:00;OFFWE;OFFWE;OFF;OFF;OFF;08:00 - 17:00;08:00 - 17:00;OFFWE;OFFWE;OFF;OFF;OFF;AL;AL;OFFWE;OFFWE;OFF;OFF;OFF;SL;SL;OFFWE;OFFWE;OFF;OFF;OFF;08:00 - 17:00;08:00 - 17:00;OFFWE;OFFWE;OFF;OFF;OFF;AL;PH;OFFWE;OFFWE;PH;OFF;OFF;08:00 - 17:00;08:00 - 17:00;OFFWE;OFFWE;OFF;OFF;OFF;08:00 - 17:00;08:00 - 17:00;OFFWE;OFFWE;OFF;OFF;OFF;08:00 - 17:00;08:00 - 17:00;OFFWE;OFFWE;OFF;OFF;OFF;08:00 - 17:00;PH;OFFWE;OFFWE;OFF;OFF;OFF;08:00 - 17:00;08:00 - 17:00;OFFWE;OFFWE;OFF;OFF;OFF;PH;08:00 - 17:00;OFFWE;OFFWE;OFF;OFF;OFF;08:00 - 17:00;08:00 - 17:00;OFFWE;OFFWE;PH;OFF;OFF;08:00 - 17:00;08:00 - 17:00;OFFWE;OFFWE;;;;08:00 - 17:00;08:00 - 17:00;;;;;;;;;;;;;;;;;;;;;;;;;;;;;;;;;;;;;;;;;;;;;;;;;;;;;;;;;;;;;;;;;;;;;;;;;;;;;;;;;;;;;;;;;;;;;;;;;;;;;;;;;;;;;;;;;;;;;;;;;;;;;;;;;;;;;;;;;;;;;;;;;;;;;;;;;;;;;;;;;;;;;;;;;;;;;;;;;;;;;;;;;;;;;;;;;;;;;;;;;;;;;;;;;
45;9124690;Boris Kostov;Student;Voice;Voice;Oliver Schleusen;PH;08:00 - 17:00;OFFWE;OFFWE;08:00 - 17:00;08:00 - 17:00;15:00 - 17:00;15:00 - 17:00;08:00 - 17:00;OFFWE;OFFWE;08:00 - 10:00 15:00 - 17:00;08:00 - 10:00 16:00 - 17:00;15:00 - 17:00;15:00 - 17:00;15:00 - 17:00;OFFWE;OFFWE;08:00 - 10:00 15:00 - 17:00;08:00 - 10:00 16:00 - 17:00;15:00 - 17:00;15:00 - 17:00;09:00 - 17:00;OFFWE;OFFWE;08:00 - 10:00 15:00 - 17:00;08:00 - 10:00 16:00 - 17:00;15:00 - 17:00;15:00 - 17:00;15:00 - 17:00;OFFWE;OFFWE;08:00 - 10:00 15:00 - 17:00;08:00 - 10:00 16:00 - 17:00;15:00 - 17:00;15:00 - 17:00;15:00 - 17:00;OFFWE;OFFWE;08:00 - 10:00 15:00 - 17:00;08:00 - 17:00;15:00 - 17:00;15:00 - 17:00;08:00 - 17:00;OFFWE;OFFWE;08:00 - 17:00;08:00 - 17:00;15:00 - 17:00;15:00 - 17:00;12:00 - 17:00;OFFWE;OFFWE;15:00 - 17:00;10:00 - 17:00;15:00 - 17:00;15:00 - 17:00;08:00 - 17:00;OFFWE;OFFWE;OFF;OFF;14:00 - 17:00;15:00 - 17:00;14:00 - 17:00;OFFWE;OFFWE;OFF;OFF;OFF;OFF;OFF;OFFWE;OFFWE;08:00 - 17:00;08:00 - 17:00;08:00 - 17:00;08:00 - 17:00;08:00 - 17:00;OFFWE;OFFWE;08:00 - 17:00;08:00 - 17:00;08:00 - 17:00;08:00 - 17:00;08:00 - 17:00;OFFWE;OFFWE;OFF;OFF;08:00 - 17:00;08:00 - 17:00;PH;OFFWE;OFFWE;PH;08:00 - 17:00;08:00 - 14:00;08:00 - 14:00;08:00 - 14:00;OFFWE;OFFWE;15:00 - 17:00;08:00 - 10:00 15:00 - 17:00;15:00 - 17:00;15:00 - 17:00;13:00 - 17:00;OFFWE;OFFWE;15:00 - 17:00;08:00 - 10:00 15:00 - 17:00;15:00 - 17:00;OFF;13:00 - 17:00;OFFWE;OFFWE;SL;SL;SL;SL;PH;OFFWE;OFFWE;15:00 - 17:00;08:00 - 10:00 15:00 - 17:00;15:00 - 17:00;15:00 - 17:00;13:00 - 17:00;OFFWE;OFFWE;15:00 - 17:00;15:00 - 17:00;15:00 - 17:00;PH;13:00 - 17:00;OFFWE;OFFWE;15:00 - 17:00;08:00 - 10:00 15:00 - 17:00;15:00 - 17:00;15:00 - 17:00;13:00 - 17:00;OFFWE;OFFWE;PH;08:00 - 10:00 15:00 - 17:00;15:00 - 17:00;15:00 - 17:00;13:00 - 15:00;OFFWE;OFFWE;;;;;;;;;;;;;;;;;;;;;;;;;;;;;;;;;;;;;;;;;;;;;;;;;;;;;;;;;;;;;;;;;;;;;;;;;;;;;;;;;;;;;;;;;;;;;;;;;;;;;;;;;;;;;;;;;;;;;;;;;;;;;;;;;;;;;;;;;;;;;;;;;;;;;;;;;;;;;;;;;;;;;;;;;;;;;;;;;;;;;;;;;;;;;;;;;;;;;;;;;;;;;;;;;;;;;;
46;9124695;Veronika Kouwui;Student;Voice;Voice;Oliver Schleusen;PH;AL;OFFWE;OFFWE;OFF;OFF;08:00 - 17:00;10:00 - 17:00;08:00 - 14:00;OFFWE;OFFWE;OFF;OFF;08:00 - 17:00;10:00 - 17:00;08:00 - 14:00;OFFWE;OFFWE;OFF;OFF;08:00 - 17:00;10:00 - 17:00;08:00 - 14:00;OFFWE;OFFWE;OFF;OFF;08:00 - 17:00;10:00 - 17:00;SL;OFFWE;OFFWE;OFF;OFF;SL;10:00 - 17:00;08:00 - 14:00;OFFWE;OFFWE;OFF;OFF;AL;AL;08:00 - 14:00;OFFWE;OFFWE;OFF;OFF;08:00 - 17:00;10:00 - 17:00;08:00 - 14:00;OFFWE;OFFWE;OFF;OFF;08:00 - 17:00;10:00 - 17:00;08:00 - 14:00;OFFWE;OFFWE;OFF;OFF;08:00 - 17:00;10:00 - 17:00;08:00 - 14:00;OFFWE;OFFWE;OFF;OFF;SL;SL;08:00 - 14:00;OFFWE;OFFWE;OFF;OFF;08:00 - 17:00;10:00 - 17:00;08:00 - 14:00;OFFWE;OFFWE;OFF;OFF;08:00 - 17:00;10:00 - 17:00;08:00 - 14:00;OFFWE;OFFWE;OFF;OFF;08:00 - 17:00;10:00 - 17:00;PH;OFFWE;OFFWE;PH;OFF;08:00 - 17:00;10:00 - 17:00;08:00 - 14:00;OFFWE;OFFWE;OFF;OFF;SL;SL;08:00 - 14:00;OFFWE;OFFWE;OFF;OFF;SL;10:00 - 17:00;SL;OFFWE;OFFWE;OFF;OFF;08:00 - 17:00;10:00 - 17:00;PH;OFFWE;OFFWE;OFF;OFF;OL;OL;OL;OFFWE;OFFWE;OFF;OFF;OL;PH;OL;OFF;OFF;OFF;OFF;OL;OL;OL;OFFWE;OFFWE;PH;OFF;OL;OL;OL;OFFWE;OFFWE;;;OL;OL;OL;;;;;OL;OL;OL;;;;;;;;;;;;;;;;;;;;;;;;;;;;;;;;;;;;;;;;;;;;;;;;;;;;;;;;;;;;;;;;;;;;;;;;;;;;;;;;;;;;;;;;;;;;;;;;;;;;;;;;;;;;;;;;;;;;;;;;;;;;;;;;;;;;;;;;;;;;;;;;;;;;;;;;;;;;;;;;;;;;;;;;;;;;;;;;;;;;;;;;;;;;;;;;;;;;;;;;;;
47;9125526;Kemal Sener;Student;Voice;Voice;Oliver Schleusen;PH;08:00 - 17:00;OFFWE;OFFWE;OFF;OFF;11:00 - 17:00;11:00 - 17:00;08:00 - 17:00;OFFWE;OFFWE;OFF;OFF;11:00 - 17:00;11:00 - 17:00;08:00 - 17:00;OFFWE;OFFWE;OFF;OFF;11:00 - 17:00;11:00 - 17:00;08:00 - 17:00;OFFWE;OFFWE;OFF;OFF;11:00 - 17:00;11:00 - 17:00;08:00 - 17:00;OFFWE;OFFWE;OFF;OFF;11:00 - 17:00;11:00 - 17:00;08:00 - 17:00;OFFWE;OFFWE;OFF;OFF;SL;SL;SL;OFFWE;OFFWE;OFF;OFF;AL;11:00 - 17:00;08:00 - 17:00;OFFWE;OFFWE;OFF;OFF;08:00 - 12:00;08:00 - 17:00;08:00 - 17:00;OFFWE;OFFWE;OFF;OFF;08:00 - 12:00;08:00 - 17:00;08:00 - 17:00;OFFWE;OFFWE;OFF;OFF;AL;AL;AL;OFFWE;OFFWE;OFF;OFF;AL;AL;08:00 - 17:00;OFFWE;OFFWE;OFF;OFF;08:00 - 12:00;08:00 - 17:00;SL;OFFWE;OFFWE;08:00 - 17:00;08:00 - 17:00;08:00 - 12:00;OFF;PH;OFFWE;OFFWE;PH;OFF;08:00 - 12:00;08:00 - 17:00;08:00 - 17:00;OFFWE;OFFWE;OFF;OFF;08:00 - 12:00;08:00 - 17:00;SL;OFFWE;OFFWE;OFF;OFF;08:00 - 12:00;08:00 - 17:00;08:00 - 17:00;OFFWE;OFFWE;OFF;OFF;08:00 - 12:00;08:00 - 17:00;PH;OFFWE;OFFWE;OFF;OFF;08:00 - 12:00;08:00 - 17:00;08:00 - 17:00;OFFWE;OFFWE;OFF;OFF;08:00 - 12:00;PH;08:00 - 17:00;OFFWE;OFFWE;OFF;OFF;08:00 - 12:00;08:00 - 17:00;08:00 - 17:00;OFFWE;OFFWE;PH;OFF;08:00 - 12:00;08:00 - 17:00;08:00 - 17:00;OFFWE;OFFWE;;;;;;;;;;;;;;;;;;;;;;;;;;;;;;;;;;;;;;;;;;;;;;;;;;;;;;;;;;;;;;;;;;;;;;;;;;;;;;;;;;;;;;;;;;;;;;;;;;;;;;;;;;;;;;;;;;;;;;;;;;;;;;;;;;;;;;;;;;;;;;;;;;;;;;;;;;;;;;;;;;;;;;;;;;;;;;;;;;;;;;;;;;;;;;;;;;;;;;;;;;;;;;;;;;;;;;
48;9126879;Elvin Delic;Student;Voice;Voice;Ion Ciuceanu;PH;OFF;OFFWE;OFFWE;08:00 - 13:00;08:00 - 13:00;08:00 - 12:00;08:00 - 14:00;OFF;OFFWE;OFFWE;08:00 - 17:00;08:00 - 17:00;08:00 - 12:00;OFF;OFF;OFFWE;OFFWE;08:00 - 17:00;08:00 - 17:00;08:00 - 12:00;OFF;OFF;OFFWE;OFFWE;08:00 - 17:00;08:00 - 17:00;08:00 - 12:00;OFF;OFF;OFFWE;OFFWE;08:00 - 17:00;08:00 - 14:00;08:00 - 14:00;OFF;OFF;OFFWE;OFFWE;08:00 - 17:00;08:00 - 14:00;08:00 - 14:00;OFF;OFF;OFFWE;OFFWE;AL;AL;AL;OFF;OFF;OFFWE;OFFWE;AL;AL;AL;OFF;OFF;OFFWE;OFFWE;08:00 - 17:00;08:00 - 14:00;08:00 - 14:00;OFF;OFF;OFFWE;OFFWE;08:00 - 17:00;08:00 - 14:00;08:00 - 14:00;OFF;OFF;OFFWE;OFFWE;SL;SL;08:00 - 14:00;OFF;OFF;OFFWE;OFFWE;AL;AL;08:00 - 14:00;OFF;OFF;OFFWE;OFFWE;08:00 - 17:00;08:00 - 14:00;08:00 - 14:00;OFF;PH;OFFWE;OFFWE;PH;08:00 - 14:00;08:00 - 14:00;OFF;OFF;OFFWE;OFFWE;SL;SL;SL;;;;;;;;;;;;;;;;;;;;;;;;;;;;;;;;;;;;;;;;;;;;;OFFWE;OFFWE;;;;;;;;;;;;;;;;;;;;;;;;;;;;;;;;;;;;;;;;;;;;;;;;;;;;;;;;;;;;;;;;;;;;;;;;;;;;;;;;;;;;;;;;;;;;;;;;;;;;;;;;;;;;;;;;;;;;;;;;;;;;;;;;;;;;;;;;;;;;;;;;;;;;;;;;;;;;;;;;;;;;;;;;;;;;;;;;;;;;;;;;;;;;;;;;;;;;;;;;;;;;;;;;;;;;;;
49;9126887;Dominik Bajic;Student;Chat CRO;Voice;Karlo Coric????? ;PH;OFF;OFFWE;OFFWE;08:00 - 17:00;08:00 - 17:00;08:00 - 12:00;OFF;OFF;OFFWE;OFFWE;08:00 - 17:00;08:00 - 17:00;08:00 - 12:00;OFF;OFF;OFFWE;OFFWE;08:00 - 17:00;08:00 - 17:00;08:00 - 12:00;OFF;OFF;OFFWE;OFFWE;08:00 - 17:00;08:00 - 17:00;UL;OFF;OFF;OFFWE;OFFWE;08:00 - 17:00;08:00 - 17:00;08:00 - 12:00;OFF;OFF;OFFWE;OFFWE;08:00 - 17:00;08:00 - 17:00;08:00 - 12:00;OFF;OFF;OFFWE;OFFWE;08:00 - 17:00;08:00 - 17:00;08:00 - 12:00;OFF;OFF;OFFWE;OFFWE;08:00 - 17:00;08:00 - 17:00;08:00 - 12:00;OFF;OFF;OFFWE;OFFWE;08:00 - 17:00;SL;08:00 - 12:00;OFF;OFF;OFFWE;OFFWE;08:00 - 17:00;08:00 - 17:00;08:00 - 12:00;OFF;OFF;OFFWE;OFFWE;08:00 - 17:00;09:00 - 18:00;08:00 - 12:00;OFF;OFF;OFFWE;OFFWE;08:00 - 17:00;08:00 - 17:00;08:00 - 12:00;OFF;OFF;OFFWE;OFFWE;08:00 - 17:00;08:00 - 17:00;08:00 - 12:00;OFF;PH;OFFWE;OFFWE;PH;SL;08:00 - 12:00;OFF;OFF;OFFWE;OFFWE;07:00 - 16:00;07:00 - 16:00;07:00 - 11:00;OFF;OFF;OFFWE;OFFWE;07:00 - 16:00;07:00 - 16:00;07:00 - 11:00;OFF;OFF;OFFWE;OFFWE;07:00 - 16:00;07:00 - 16:00;07:00 - 11:00;OFF;PH;OFFWE;OFFWE;07:00 - 16:00;07:00 - 16:00;07:00 - 11:00;OFF;OFF;OFFWE;OFFWE;AL;AL;AL;PH;OFF;OFFWE;OFFWE;AL;AL;AL;OFF;OFF;OFFWE;OFFWE;PH;07:00 - 16:00;07:00 - 11:00;OFF;OFF;OFFWE;OFFWE;07:00 - 16:00;07:00 - 16:00;07:00 - 11:00;;;;;;;;;;;;;;;;;;;;;;;;;;;;;;;;;;;;;;;;;;;;;;;;;;;;;;;;;;;;;;;;;;;;;;;;;;;;;;;;;;;;;;;;;;;;;;;;;;;;;;;;;;;;;;;;;;;;;;;;;;;;;;;;;;;;;;;;;;;;;;;;;;;;;;;;;;;;;;;;;;;;;;;;;;;;;;;;;;;;;;;;;;;;;;;;;;;;;;;;;;;;;;;;;;;
50;9074576;Sharon Huber;Full Time;Chat;Chat;Tobias Rossberg;PH;07:00 - 16:00;OFFWE;OFFWE;07:00 - 16:00;07:00 - 16:00;07:00 - 16:00;07:00 - 16:00;07:00 - 16:00;OFFWE;OFFWE;SL;SL;SL;07:00 - 16:00;07:00 - 16:00;OFFWE;OFFWE;07:00 - 16:00;07:00 - 16:00;07:00 - 16:00;07:00 - 16:00;07:00 - 16:00;OFFWE;OFFWE;07:00 - 16:00;07:00 - 16:00;07:00 - 16:00;07:00 - 16:00;07:00 - 16:00;OFFWE;OFFWE;07:00 - 16:00;07:00 - 16:00;07:00 - 16:00;07:00 - 16:00;07:00 - 16:00;OFFWE;OFFWE;07:00 - 16:00;07:00 - 16:00;07:00 - 16:00;07:00 - 16:00;07:00 - 16:00;OFFWE;OFFWE;07:00 - 16:00;07:00 - 16:00;07:00 - 16:00;07:00 - 16:00;07:00 - 16:00;OFFWE;OFFWE;07:00 - 16:00;07:00 - 16:00;07:00 - 16:00;07:00 - 16:00;07:00 - 16:00;OFFWE;OFFWE;07:00 - 16:00;07:00 - 16:00;SL;SL;SL;SL;SL;SL;SL;SL;SL;SL;SL;SL;SL;SL;SL;SL;SL;SL;SL;SL;SL;SL;SL;SL;OFFWE;OFFWE;07:00 - 16:00;07:00 - 16:00;07:00 - 16:00;07:00 - 16:00;PH;OFFWE;OFFWE;PH;07:00 - 16:00;07:00 - 16:00;07:00 - 16:00;07:00 - 16:00;OFFWE;OFFWE;AL;07:00 - 16:00;07:00 - 16:00;07:00 - 16:00;07:00 - 16:00;OFFWE;OFFWE;07:00 - 16:00;07:00 - 16:00;07:00 - 16:00;07:00 - 16:00;07:00 - 16:00;OFFWE;OFFWE;AL;07:00 - 16:00;07:00 - 16:00;07:00 - 16:00;PH;OFFWE;OFFWE;07:00 - 16:00;07:00 - 16:00;07:00 - 16:00;07:00 - 16:00;07:00 - 16:00;OFFWE;OFFWE;07:00 - 16:00;07:00 - 16:00;07:00 - 16:00;PH;AL;OFFWE;OFFWE;AL;AL;AL;07:00 - 16:00;07:00 - 16:00;OFFWE;OFFWE;PH;07:00 - 16:00;07:00 - 16:00;07:00 - 16:00;07:00 - 16:00;OFFWE;OFFWE;;;;;AL;OFFWE;OFFWE;AL;AL;AL;07:00 - 16:00;07:00 - 16:00;OFFWE;OFFWE;07:00 - 16:00;07:00 - 16:00;07:00 - 16:00;07:00 - 16:00;AL;;;;;;AL;AL;OFFWE;OFFWE;AL;;;;;;;;;;;;;;;;;AL;AL;;;;;;AL;AL;OFFWE;OFFWE;AL;;;;;;;;;;;;;;;;;;;;;;;;;;;;;;;;AL;OFFWE;OFFWE;AL;;;;;;;;;;;;;;;;;;;;;;;;;;;;;;;;;;;;;;;;;;;;;;;;;;;;;;;;;;;;;;;;;;;;;;;;;;;;;;;;;;;;;;;;;;;;;;;;;;;;;;;;;;;;;;;;;;;;;;;;;;
51;9092596;Timon Philippen;Full Time;Voice;Translation calls;Delia Panaitescu;PH;08:00 - 17:00;OFFWE;OFFWE;08:00 - 17:00;08:00 - 17:00;08:00 - 17:00;08:00 - 17:00;08:00 - 17:00;OFFWE;OFFWE;08:00 - 17:00;07:00 - 16:00;07:00 - 16:00;07:00 - 16:00;08:00 - 17:00;OFFWE;OFFWE;08:00 - 17:00;08:00 - 17:00;AL;AL;08:00 - 17:00;OFFWE;OFFWE;08:00 - 17:00;08:00 - 17:00;08:00 - 17:00;08:00 - 17:00;08:00 - 17:00;OFFWE;OFFWE;08:00 - 17:00;08:00 - 17:00;08:00 - 17:00;08:00 - 17:00;AL;OFFWE;OFFWE;08:00 - 17:00;08:00 - 17:00;08:00 - 17:00;08:00 - 17:00;08:00 - 17:00;OFFWE;OFFWE;08:00 - 17:00;08:00 - 17:00;08:00 - 17:00;08:00 - 17:00;08:00 - 17:00;OFFWE;OFFWE;08:00 - 17:00;08:00 - 17:00;08:00 - 17:00;AL;AL;OFFWE;OFFWE;08:00 - 17:00;SL;SL;AL;AL;OFFWE;OFFWE;08:00 - 17:00;08:00 - 17:00;08:00 - 17:00;08:00 - 17:00;08:00 - 17:00;OFFWE;OFFWE;08:00 - 17:00;07:00 - 16:00;07:00 - 16:00;07:00 - 16:00;07:00 - 16:00;OFFWE;OFFWE;AL;AL;AL;AL;AL;OFFWE;OFFWE;08:00 - 17:00;08:00 - 17:00;08:00 - 17:00;08:00 - 17:00;PH;OFFWE;OFFWE;PH;08:00 - 17:00;08:00 - 17:00;08:00 - 17:00;08:00 - 17:00;OFFWE;OFFWE;08:00 - 17:00;08:00 - 17:00;08:00 - 17:00;08:00 - 17:00;08:00 - 17:00;OFFWE;OFFWE;08:00 - 17:00;08:00 - 17:00;08:00 - 17:00;08:00 - 17:00;08:00 - 17:00;OFFWE;OFFWE;08:00 - 17:00;08:00 - 17:00;AL;CD;08:00 - 17:00;OFFWE;OFFWE;08:00 - 17:00;08:00 - 17:00;08:00 - 17:00;08:00 - 17:00;08:00 - 17:00;OFFWE;OFFWE;08:00 - 17:00;08:00 - 17:00;08:00 - 17:00;PH;08:00 - 17:00;OFFWE;OFFWE;08:00 - 17:00;08:00 - 17:00;08:00 - 17:00;08:00 - 17:00;08:00 - 17:00;OFFWE;OFFWE;PH;08:00 - 17:00;08:00 - 17:00;08:00 - 17:00;08:00 - 17:00;OFFWE;OFFWE;;;;;;;;;;;;;;;;;;;;;;;;;;;;;;;;;;;;;;;;;;;;;;;;;;;;;;;;;;;;;;;;;;;;;;;;;;;;;;;;;;;;;;;;;;;;;;;;;;;;;;;;;;;;;;;;;;;;;;;;;;;;;;;;;;;;;;;;;;;;;;;;;;;;;;;;;;;;;;;;;;;;;;;;;;;;;;;;;;;;;;;;;;;;;;;;;;;;;;;;;;;;;;;;;;;;;;
52;9074582;Stephan Becker;Full Time;SSP;SSP;Karlo Coric????? ;PH;07:00 - 16:00;OFFWE;OFFWE;07:00 - 16:00;07:00 - 16:00;SL;07:00 - 16:00;07:00 - 16:00;OFFWE;OFFWE;07:00 - 16:00;07:00 - 16:00;07:00 - 16:00;07:00 - 16:00;07:00 - 16:00;OFFWE;OFFWE;07:00 - 16:00;07:00 - 16:00;07:00 - 16:00;07:00 - 16:00;07:00 - 16:00;OFFWE;OFFWE;07:00 - 16:00;07:00 - 16:00;07:00 - 16:00;07:00 - 16:00;07:00 - 16:00;OFFWE;OFFWE;SL;07:00 - 16:00;07:00 - 16:00;SL;SL;SL;SL;SL;SL;SL;07:00 - 16:00;07:00 - 16:00;OFFWE;OFFWE;07:00 - 16:00;07:00 - 16:00;07:00 - 16:00;07:00 - 16:00;07:00 - 16:00;OFFWE;OFFWE;07:00 - 16:00;07:00 - 16:00;07:00 - 16:00;07:00 - 16:00;07:00 - 16:00;OFFWE;OFFWE;07:00 - 16:00;07:00 - 16:00;07:00 - 16:00;07:00 - 16:00;07:00 - 16:00;OFFWE;OFFWE;07:00 - 16:00;HSL *;07:00 - 16:00;07:00 - 16:00;AL;OFFWE;OFFWE;AL;07:00 - 16:00;07:00 - 16:00;07:00 - 16:00;07:00 - 16:00;OFFWE;OFFWE;07:00 - 16:00;07:00 - 16:00;07:00 - 16:00;07:00 - 16:00;07:00 - 16:00;OFFWE;OFFWE;07:00 - 16:00;07:00 - 16:00;07:00 - 16:00;07:00 - 16:00;PH;OFFWE;OFFWE;PH;07:00 - 16:00;07:00 - 16:00;07:00 - 16:00;07:00 - 16:00;OFFWE;OFFWE;07:00 - 16:00;07:00 - 16:00;07:00 - 16:00;07:00 - 16:00;07:00 - 16:00;OFFWE;OFFWE;AL;07:00 - 16:00;07:00 - 16:00;07:00 - 16:00;07:00 - 16:00;OFFWE;OFFWE;07:00 - 16:00;07:00 - 16:00;07:00 - 16:00;07:00 - 16:00;PH;OFFWE;OFFWE;07:00 - 16:00;07:00 - 16:00;07:00 - 16:00;07:00 - 16:00;07:00 - 16:00;OFFWE;OFFWE;07:00 - 16:00;07:00 - 16:00;07:00 - 16:00;PH;07:00 - 16:00;OFFWE;OFFWE;07:00 - 16:00;07:00 - 16:00;07:00 - 16:00;07:00 - 16:00;07:00 - 16:00;OFFWE;OFFWE;PH;07:00 - 16:00;07:00 - 16:00;07:00 - 16:00;07:00 - 16:00;OFFWE;OFFWE;;;;;;;;;;;;;;;;;;;;;;;;;;;;;;;;;;;;;;;;;;;;;;;;;;;;;;;;;;;;;;;;;;;;;;;;;;;;;;;;;;;;;;;;;;;;;;;;;;;;;;;;;;;;;;;;;;;;;;;;;;;;;;;;;;;;;;;;;;;;;;;;;;;;;;;;;;;;;;;;;;;;;;;;;;;;;;;;;;;;;;;;;;;;;;;;;;;;;;;;;;;;;;;;;;;;;;
53;9074345;Angelika Weber;Full Time;SSP;WIC;Tobias Rossberg;PH;06:00 - 15:00;OFFWE;OFFWE;06:00 - 15:00;06:00 - 15:00;06:00 - 15:00;WIC                                       08:00 - 17:00;06:00 - 15:00;OFFWE;OFFWE;06:00 - 15:00;06:00 - 15:00;06:00 - 15:00;WIC                                       08:00 - 17:00;WIC                                       08:00 - 17:00;OFFWE;OFFWE;CD;06:00 - 15:00;06:00 - 15:00;WIC                                       08:00 - 17:00;06:00 - 15:00;OFFWE;OFFWE;06:00 - 15:00;06:00 - 15:00;WIC                                       08:00 - 17:00;WIC                                       08:00 - 17:00;06:00 - 15:00;OFFWE;OFFWE;06:00 - 15:00;06:00 - 15:00;06:00 - 15:00;WIC                                       08:00 - 17:00;06:00 - 15:00;OFFWE;OFFWE;06:00 - 15:00;06:00 - 15:00;06:00 - 15:00;WIC                                       08:00 - 17:00;06:00 - 15:00;OFFWE;OFFWE;WIC                                       08:00 - 17:00;WIC                                       08:00 - 17:00;WIC                                       08:00 - 17:00;WIC                                       08:00 - 17:00;WIC                                       08:00 - 17:00;OFFWE;OFFWE;06:00 - 15:00;06:00 - 15:00;06:00 - 15:00;WIC                                       08:00 - 17:00;WIC                                       08:00 - 17:00;OFFWE;OFFWE;06:00 - 15:00;WIC                                       07:30 - 16:30;WIC                                       07:30 - 16:30;WIC                                       07:30 - 16:30;WIC                                       07:30 - 16:30;OFFWE;OFFWE;WIC                                       07:30 - 16:30;WIC                                       07:30 - 16:30;WIC                                       07:30 - 16:30;WIC                                       07:30 - 16:30;WIC                                       07:30 - 16:30;OFFWE;OFFWE;WIC                                       07:30 - 16:30;WIC                    06:00 - 15:00;WIC                                       07:30 - 16:30;WIC                    06:00 - 15:00;OL;OFFWE;OFFWE;OL;WIC                    06:00 - 15:00;WIC                                       07:30 - 16:30;WIC                    06:00 - 15:00;06:00 - 15:00;OFFWE;OFFWE;06:00 - 15:00;WIC                    06:00 - 15:00;WIC                                       07:30 - 16:30;WIC                    06:00 - 15:00;PH;OFFWE;OFFWE;PH;06:00 - 15:00;06:00 - 15:00;WIC                    06:00 - 15:00;06:00 - 15:00;OFFWE;OFFWE;06:00 - 15:00;06:00 - 15:00;06:00 - 15:00;WIC                    06:00 - 15:00;06:00 - 15:00;OFFWE;OFFWE;06:00 - 15:00;06:00 - 15:00;06:00 - 15:00;WIC                    06:00 - 15:00;06:00 - 15:00;OFFWE;OFFWE;06:00 - 15:00;06:00 - 15:00;06:00 - 15:00;WIC                    06:00 - 15:00;PH;OFFWE;OFFWE;06:00 - 15:00;WIC                    06:00 - 15:00;06:00 - 15:00;WIC                    06:00 - 15:00;06:00 - 15:00;OFFWE;OFFWE;06:00 - 15:00;WIC                    06:00 - 15:00;06:00 - 15:00;PH;AL;OFFWE;OFFWE;06:00 - 15:00;06:00 - 15:00;06:00 - 15:00;WIC                    06:00 - 15:00;06:00 - 15:00;OFFWE;OFFWE;PH;06:00 - 15:00;06:00 - 15:00;WIC                    06:00 - 15:00;06:00 - 15:00;OFFWE;OFFWE;;;;;AL;OFFWE;OFFWE;AL;AL;AL;AL;AL;OFFWE;OFFWE;AL;AL;AL;AL;AL;;;;;;;;;;;;;;;;;;;;;;;;;;;;;;;;;;;;;;;;;;;;;;;;;;;;;;;;;;;;;;;;;;;;;;;;;;;;;;OFFWE;OFFWE;AL;AL;AL;AL;AL;OFFWE;OFFWE;AL;AL;AL;AL;AL;OFFWE;OFFWE;AL;AL;AL;AL;AL;;;;;;;;;;;;;;;;;;;;;;;;;;;;;;;;;;;;;;;;;;;;;;;;;;;;;;;;;;;;;;;;;;;;;;;;;;;;;;;;;;;;;;;;;;CD;;;;CD;;;
54;9074330;Adnan Lelic;Full Time;SSP;SSP;Tobias Rossberg;PH;08:00 - 17:00;OFFWE;OFFWE;08:00 - 17:00;08:00 - 17:00;08:00 - 17:00;08:00 - 17:00;08:00 - 17:00;OFFWE;OFFWE;08:00 - 17:00;08:00 - 17:00;08:00 - 17:00;08:00 - 17:00;08:00 - 17:00;OFFWE;OFFWE;AL;AL;AL;08:00 - 17:00;08:00 - 17:00;OFFWE;OFFWE;08:00 - 17:00;08:00 - 17:00;08:00 - 17:00;08:00 - 17:00;08:00 - 17:00;OFFWE;OFFWE;08:00 - 17:00;08:00 - 17:00;08:00 - 17:00;08:00 - 17:00;08:00 - 17:00;OFFWE;OFFWE;08:00 - 17:00;08:00 - 17:00;08:00 - 17:00;08:00 - 17:00;08:00 - 17:00;OFFWE;OFFWE;08:00 - 17:00;08:00 - 17:00;08:00 - 17:00;08:00 - 17:00;08:00 - 17:00;OFFWE;OFFWE;08:00 - 17:00;08:00 - 17:00;08:00 - 17:00;08:00 - 17:00;08:00 - 17:00;OFFWE;OFFWE;08:00 - 17:00;08:00 - 17:00;08:00 - 17:00;08:00 - 17:00;08:00 - 17:00;OFFWE;OFFWE;08:00 - 17:00;08:00 - 17:00;08:00 - 17:00;08:00 - 17:00;08:00 - 17:00;OFFWE;OFFWE;08:00 - 17:00;08:00 - 17:00;08:00 - 17:00;08:00 - 17:00;08:00 - 17:00;OFFWE;OFFWE;08:00 - 17:00;08:00 - 17:00;08:00 - 17:00;08:00 - 17:00;08:00 - 17:00;OFFWE;OFFWE;08:00 - 17:00;08:00 - 17:00;08:00 - 17:00;08:00 - 17:00;PH;OFFWE;OFFWE;PH;08:00 - 17:00;08:00 - 17:00;08:00 - 17:00;08:00 - 17:00;OFFWE;OFFWE;08:00 - 17:00;08:00 - 17:00;08:00 - 17:00;08:00 - 17:00;08:00 - 17:00;OFFWE;OFFWE;08:00 - 17:00;08:00 - 17:00;08:00 - 17:00;AL;AL;OFFWE;OFFWE;08:00 - 17:00;08:00 - 17:00;08:00 - 17:00;08:00 - 17:00;PH;OFFWE;OFFWE;08:00 - 17:00;08:00 - 17:00;08:00 - 17:00;08:00 - 17:00;08:00 - 17:00;OFFWE;OFFWE;08:00 - 17:00;08:00 - 17:00;08:00 - 17:00;PH;08:00 - 17:00;OFFWE;OFFWE;08:00 - 17:00;08:00 - 17:00;08:00 - 17:00;08:00 - 17:00;08:00 - 17:00;OFFWE;OFFWE;PH;08:00 - 17:00;08:00 - 17:00;08:00 - 17:00;08:00 - 17:00;OFFWE;OFFWE;;;;;;;;;;;;;;;;;;;;;;AL;AL;AL;AL;;;;;;AL;AL;AL;;;AL;AL;13:00 - 22:00;13:00 - 22:00;13:00 - 22:00;;;13:00 - 22:00;13:00 - 22:00;13:00 - 22:00;13:00 - 22:00;13:00 - 22:00;;;;;;;;;;AL;;;;;;;;;;;;;;;;;;;;;;;;;;;;;;;;;;;;;;;;;;;;;;;;;;;;;;;;;;;;;;;;;;;;;;;;;;;;;;;;;;;;;;;;;;;;;;;;;;;;;;;;;;;;;;;;;;;;;;;;;;;;;;;;;;;;;;;;;;;;;;;;;;;;;;;;;;;;;
55;9074518;Javier Sang;Full Time;SSP;SSP;Karlo Coric????? ;PH;08:00 - 17:00;OFFWE;OFFWE;08:00 - 17:00;08:00 - 17:00;08:00 - 17:00;08:00 - 17:00;08:00 - 17:00;OFFWE;OFFWE;08:00 - 17:00;08:00 - 17:00;08:00 - 17:00;08:00 - 17:00;08:00 - 17:00;OFFWE;OFFWE;08:00 - 17:00;08:00 - 17:00;08:00 - 17:00;08:00 - 17:00;08:00 - 17:00;OFFWE;OFFWE;08:00 - 17:00;08:00 - 17:00;08:00 - 17:00;08:00 - 17:00;08:00 - 17:00;OFFWE;OFFWE;08:00 - 17:00;08:00 - 17:00;08:00 - 17:00;08:00 - 17:00;08:00 - 17:00;OFFWE;OFFWE;08:00 - 17:00;08:00 - 17:00;08:00 - 17:00;08:00 - 17:00;08:00 - 17:00;OFFWE;OFFWE;08:00 - 17:00;08:00 - 17:00;08:00 - 17:00;08:00 - 17:00;08:00 - 17:00;OFFWE;OFFWE;08:00 - 17:00;08:00 - 17:00;08:00 - 17:00;08:00 - 17:00;08:00 - 17:00;OFFWE;OFFWE;08:00 - 17:00;08:00 - 17:00;08:00 - 17:00;08:00 - 17:00;08:00 - 17:00;OFFWE;OFFWE;08:00 - 17:00;08:00 - 17:00;08:00 - 17:00;08:00 - 17:00;08:00 - 17:00;OFFWE;OFFWE;08:00 - 17:00;08:00 - 17:00;08:00 - 17:00;08:00 - 17:00;08:00 - 17:00;OFFWE;OFFWE;08:00 - 17:00;08:00 - 17:00;08:00 - 17:00;08:00 - 17:00;08:00 - 17:00;OFFWE;OFFWE;08:00 - 17:00;08:00 - 17:00;08:00 - 17:00;08:00 - 17:00;PH;OFFWE;OFFWE;PH;08:00 - 17:00;08:00 - 17:00;08:00 - 17:00;08:00 - 17:00;OFFWE;OFFWE;AL;AL;AL;AL;AL;OFFWE;OFFWE;08:00 - 17:00;08:00 - 17:00;08:00 - 17:00;08:00 - 17:00;08:00 - 17:00;OFFWE;OFFWE;08:00 - 17:00;08:00 - 17:00;08:00 - 17:00;08:00 - 17:00;PH;OFFWE;OFFWE;08:00 - 17:00;08:00 - 17:00;08:00 - 17:00;08:00 - 17:00;08:00 - 17:00;OFFWE;OFFWE;08:00 - 17:00;08:00 - 17:00;08:00 - 17:00;PH;08:00 - 17:00;OFFWE;OFFWE;08:00 - 17:00;08:00 - 17:00;08:00 - 17:00;08:00 - 17:00;08:00 - 17:00;OFFWE;OFFWE;PH;08:00 - 17:00;HAL *;08:00 - 17:00;08:00 - 17:00;OFFWE;OFFWE;;;;;;;;;;;;;;;;;;;;;;;;;;;;;;;;;;;;;;;;;;;;;;;;;;AL;AL;AL;AL;AL;;;AL;AL;AL;AL;AL;;;;;;;;;;;;;;;;;;;;;;;;;;;;;;;;;;;;;;;;;;;;;;;;;;;;;;;;;;;;;;;;;;;;;;;;;;;;;;;;;;;;;;;;;;;;;;;;;;;;;;;;;;;;;;;;;;;;;;;;;;;;;;;;;;;;;;;;;;;;;;;AL;AL;AL;AL;PH;PH;OFFWE;AL;AL;AL;AL
56;9074557;Pascal Dutz;Full Time;SSP;SSP;Delia Panaitescu;SL;SL;SL;SL;SL;SL;SL;SL;SL;OFFWE;OFFWE;SL;SL;SL;SL;SL;SL;SL;SL;SL;SL;SL;SL;OFFWE;OFFWE;08:00 - 17:00;08:00 - 17:00;SL;SL;SL;SL;SL;SL;SL;SL;SL;SL;SL;SL;SL;SL;SL;SL;SL;SL;SL;SL;SL;SL;SL;SL;SL;SL;SL;SL;SL;SL;SL;SL;SL;SL;SL;SL;SL;SL;SL;SL;SL;SL;SL;SL;SL;SL;SL;SL;SL;SL;SL;SL;SL;SL;SL;SL;SL;SL;SL;SL;SL;SL;SL;SL;SL;SL;SL;SL;SL;SL;SL;SL;SL;OFFWE;OFFWE;SL;SL;SL;SL;SL;OFFWE;OFFWE;SL;SL;SL;SL;SL;OFFWE;OFFWE;SL;SL;SL;SL;SL;SL;SL;SL;SL;SL;SL;SL;OFFWE;OFFWE;SL;SL;SL;PH;SL;OFFWE;OFFWE;SL;SL;SL;SL;SL;SL;SL;SL;SL;SL;SL;08:00 - 17:00;OFFWE;OFFWE;;;;;;;;;;;;;;;;;;;;;;;;;;;;;;;;;;;;;;;;;;;;;;;;;;;;;;;;;;;;;;;;;;;;;;;;;;;;;;;;;;;;;;;;;;;;;;;;;;;;;;;;;;;;;;;;;;;;;;;;;;;;;;;;;;;;;;;;;;;;;;;;;;;;;;;;;;;;;;;;;;;;;;;;;;;;;;;;;;;;;;;;;;;;;;;;;;;;;;;;;;;;;;;;;;;;;;
57;9074592;Victoria Scholz;Full Time;SSP;SSP;Ion Ciuceanu;PH;13:00 - 22:00;OFFWE;OFFWE;08:00 - 17:00;08:00 - 17:00;08:00 - 17:00;08:00 - 17:00;OFF;OFFWE;07:00 - 16:00;08:00 - 17:00;08:00 - 17:00;08:00 - 17:00;08:00 - 17:00;OFF;OFFWE;07:00 - 16:00;08:00 - 17:00;08:00 - 17:00;08:00 - 17:00;OFF;08:00 - 17:00;OFFWE;07:00 - 16:00;08:00 - 17:00;08:00 - 17:00;08:00 - 17:00;08:00 - 17:00;OFF;OFFWE;OFFWE;08:00 - 17:00;08:00 - 17:00;OFF;08:00 - 17:00;OFF;22:00 - 07:00;22:00 - 07:00;OFF;08:00 - 17:00;08:00 - 17:00;08:00 - 17:00;08:00 - 17:00;OFFWE;07:00 - 16:00;08:00 - 17:00;22:00 - 07:00;OFF;08:00 - 17:00;08:00 - 17:00;OFFWE;OFFWE;08:00 - 17:00;08:00 - 17:00;08:00 - 17:00;08:00 - 17:00;OFF;OFFWE;07:00 - 16:00;08:00 - 17:00;OFF;22:00 - 07:00;22:00 - 07:00;22:00 - 07:00;22:00 - 07:00;OFFWE;08:00 - 17:00;13:00 - 22:00;13:00 - 22:00;13:00 - 22:00;13:00 - 22:00;OFFWE;OFFWE;08:00 - 17:00;OFF;OFF;22:00 - 07:00;22:00 - 07:00;22:00 - 07:00;22:00 - 07:00;OFF;08:00 - 17:00;08:00 - 17:00;08:00 - 17:00;13:00 - 22:00;OFFWE;07:00 - 16:00;07:00 - 16:00;08:00 - 17:00;08:00 - 17:00;08:00 - 17:00;PH;OFFWE;22:00 - 07:00;PH;22:00 - 07:00;22:00 - 07:00;22:00 - 07:00;22:00 - 07:00;OFFWE;OFFWE;08:00 - 17:00;08:00 - 17:00;10:00 - 19:00;10:00 - 19:00;10:00 - 19:00;OFFWE;OFFWE;13:00 - 22:00;22:00 - 07:00;22:00 - 07:00;22:00 - 07:00;OFF;OFFWE;07:00 - 16:00;13:00 - 22:00;10:00 - 19:00;08:00 - 17:00;08:00 - 17:00;PH;OFFWE;22:00 - 07:00;22:00 - 07:00;22:00 - 07:00;22:00 - 07:00;22:00 - 07:00;OFF;OFFWE;OFFWE;08:00 - 17:00;08:00 - 17:00;08:00 - 17:00;PH;08:00 - 17:00;OFFWE;OFFWE;08:00 - 17:00;08:00 - 17:00;08:00 - 17:00;22:00 - 07:00;AL;OFFWE;13:00 - 22:00;PH;AL;AL;08:00 - 17:00;08:00 - 17:00;OFFWE;OFFWE;22:00 - 07:00;22:00 - 07:00;22:00 - 07:00;22:00 - 07:00;;;;;;;;;;;;;;;;22:00 - 07:00;22:00 - 07:00;22:00 - 07:00;22:00 - 07:00;22:00 - 07:00;;;;;;;;;;;;;;;;;;;AL;AL;AL;AL;AL;;;AL;AL;AL;AL;AL;;;;;;;;;;;;;;;;;;;;;;;;;;;;;;;;;;;;;;;;;;;;;;;;;;;;;;;;;;;;;;;;;;;;;;;;;;;;;;;;;;;;;;;;;;;;;;;;;;;;;;;;;;;;;;;;;;;;;;;;;;;;;;;;;;;;;;;;;;;;;;;;;;;;;;;;;;;;;;;;
58;9122677;Dennis Obazee;Part-Time;SSP;WIC;Tobias Rossberg;PH;08:00 - 13:00;OFFWE;OFFWE;08:00 - 13:00;08:00 - 13:00;SL;SL;SL;SL;SL;SL;SL;SL;SL;SL;OFFWE;OFFWE;AL;AL;AL;AL;AL;OFFWE;OFFWE;AL;AL;AL;AL;AL;OFFWE;OFFWE;AL;AL;08:00 - 13:00;08:00 - 13:00;08:00 - 13:00;OFFWE;OFFWE;08:00 - 13:00;SL;SL;SL;08:00 - 13:00;OFFWE;OFFWE;08:00 - 13:00;SL;SL;SL;SL;OFFWE;OFFWE;SL;SL;SL;SL;SL;OFFWE;OFFWE;WIC                       08:00 - 13:00;WIC                       08:00 - 13:00;08:00 - 13:00;08:00 - 13:00;08:00 - 13:00;OFFWE;OFFWE;WIC                       08:00 - 13:00;WIC                       08:00 - 13:00;08:00 - 13:00;08:00 - 13:00;08:00 - 13:00;OFFWE;OFFWE;WIC                       08:00 - 13:00;WIC                       08:00 - 13:00;08:00 - 13:00;08:00 - 13:00;08:00 - 13:00;OFFWE;OFFWE;WIC                       08:00 - 13:00;WIC                       08:00 - 13:00;SL;SL;SL;OFFWE;OFFWE;WIC                       08:00 - 13:00;WIC                       08:00 - 13:00;08:00 - 13:00;08:00 - 13:00;PH;OFFWE;OFFWE;PH;08:00 - 13:00;08:00 - 13:00;08:00 - 13:00;08:00 - 13:00;OFFWE;OFFWE;SL;SL;SL;SL;SL;OFFWE;OFFWE;08:00 - 13:00;08:00 - 13:00;08:00 - 13:00;08:00 - 13:00;08:00 - 13:00;OFFWE;OFFWE;08:00 - 13:00;08:00 - 13:00;08:00 - 13:00;08:00 - 13:00;PH;OFFWE;OFFWE;08:00 - 13:00;SL;SL;SL;SL;OFFWE;OFFWE;SL;08:00 - 13:00;08:00 - 13:00;PH;08:00 - 13:00;OFFWE;OFFWE;08:00 - 13:00;08:00 - 13:00;08:00 - 13:00;08:00 - 13:00;08:00 - 13:00;OFFWE;OFFWE;PH;08:00 - 13:00;08:00 - 13:00;08:00 - 13:00;08:00 - 13:00;OFFWE;OFFWE;;;;;;;;;;;;;;;;;;;;;;;;;;;;;;;;;;;;;;;;;;;;;;;;;;;;;;;;;;;;;;;;;;;;;;;;;;;;;;;;;;;;;;;;;;;;;;;;;;;;;;;;;;;;;;;;;;;;;;;;;;;;;;;;;;;;;;;;;;;;;;;;;;;;;;;;;;;;;;;;;;;;;;;;;;;;;;;;;;;;;;;;;;;;;;;;;;;;;;;;;;;;;;;;;;;;;;
59;9074352;Burak Kurtulmaz;Full Time;Bulk PWs;WIC;Tobias Rossberg;PH;AL;OFFWE;OFFWE;07:00 - 16:00;WIC                                       08:00 - 17:00;07:00 - 16:00;07:00 - 16:00;07:00 - 16:00;OFFWE;OFFWE;07:00 - 16:00;07:00 - 16:00;07:00 - 16:00;07:00 - 16:00;07:00 - 16:00;OFFWE;OFFWE;07:00 - 16:00;WIC                                       08:00 - 17:00;07:00 - 16:00;07:00 - 16:00;07:00 - 16:00;OFFWE;OFFWE;07:00 - 16:00;WIC                                       08:00 - 17:00;07:00 - 16:00;07:00 - 16:00;07:00 - 16:00;OFFWE;OFFWE;07:00 - 16:00;WIC                                       08:00 - 17:00;07:00 - 16:00;07:00 - 16:00;07:00 - 16:00;OFFWE;OFFWE;07:00 - 16:00;SL;SL;SL;07:00 - 16:00;OFFWE;OFFWE;07:00 - 16:00;WIC                                       08:00 - 17:00;07:00 - 16:00;07:00 - 16:00;07:00 - 16:00;OFFWE;OFFWE;07:00 - 16:00;WIC                                       08:00 - 17:00;07:00 - 16:00;07:00 - 16:00;07:00 - 16:00;OFFWE;OFFWE;SL;SL;SL;SL;SL;SL;SL;SL;SL;SL;SL;SL;SL;SL;SL;WIC                                       08:00 - 17:00;07:00 - 16:00;07:00 - 16:00;07:00 - 16:00;OFFWE;OFFWE;07:00 - 16:00;07:00 - 16:00;07:00 - 16:00;07:00 - 16:00;07:00 - 16:00;OFFWE;OFFWE;07:00 - 16:00;WIC                                       08:00 - 17:00;07:00 - 16:00;07:00 - 16:00;PH;OFFWE;OFFWE;PH;07:00 - 16:00;07:00 - 16:00;07:00 - 16:00;07:00 - 16:00;OFFWE;OFFWE;07:00 - 16:00;WIC                                       08:00 - 17:00;07:00 - 16:00;07:00 - 16:00;07:00 - 16:00;OFFWE;OFFWE;07:00 - 16:00;WIC                                       08:00 - 17:00;07:00 - 16:00;07:00 - 16:00;07:00 - 16:00;OFFWE;OFFWE;07:00 - 16:00;WIC                                       08:00 - 17:00;07:00 - 16:00;07:00 - 16:00;PH;OFFWE;OFFWE;07:00 - 16:00;WIC                                       08:00 - 17:00;07:00 - 16:00;07:00 - 16:00;07:00 - 16:00;OFFWE;OFFWE;07:00 - 16:00;WIC                                       08:00 - 17:00;07:00 - 16:00;PH;07:00 - 16:00;OFFWE;OFFWE;07:00 - 16:00;WIC                                       08:00 - 17:00;07:00 - 16:00;07:00 - 16:00;07:00 - 16:00;OFFWE;OFFWE;PH;WIC                                       08:00 - 17:00;07:00 - 16:00;07:00 - 16:00;07:00 - 16:00;OFFWE;OFFWE;;;;;;;;;;;;;;;;;;;;;;;;;;;;;;;;;;;;;;;;;;;;;;;;;;;;;;;;;;;;;;;;;;;;;;;;;;;;;;;;;;;;;;;;;;;;;;;;;;;;;;;;;;;;;;;;;;;;;;;;;;;;;;;;;;;;;;;;;;;;;;;;;;;;;;;;;;;;;;;;;;;;;;;;;;;;;;;;;;;;;;;;;;;;;;;;;;;;;;;;;;;;;;;;;;;;;;
60;9075030;Kevin Haska;Full Time;Booking Tool;VWIC;Delia Panaitescu;PH;07:00 - 16:00;OFFWE;OFFWE;07:00 - 16:00;07:00 - 16:00;07:00 - 16:00;07:00 - 16:00;07:00 - 16:00;OFFWE;OFFWE;07:00 - 16:00;07:00 - 16:00;07:00 - 16:00;07:00 - 16:00;07:00 - 16:00;OFFWE;OFFWE;07:00 - 16:00;07:00 - 16:00;07:00 - 16:00;07:00 - 16:00;07:00 - 16:00;OFFWE;OFFWE;07:00 - 16:00;07:00 - 16:00;07:00 - 16:00;07:00 - 16:00;07:00 - 16:00;OFFWE;OFFWE;07:00 - 16:00;07:00 - 16:00;07:00 - 16:00;07:00 - 16:00;07:00 - 16:00;OFFWE;OFFWE;07:00 - 16:00;07:00 - 16:00;07:00 - 16:00;07:00 - 16:00;07:00 - 16:00;OFFWE;OFFWE;07:00 - 16:00;07:00 - 16:00;07:00 - 16:00;07:00 - 16:00;07:00 - 16:00;OFFWE;OFFWE;07:00 - 16:00;07:00 - 16:00;07:00 - 16:00;07:00 - 16:00;07:00 - 16:00;OFFWE;OFFWE;07:00 - 16:00;07:00 - 16:00;07:00 - 16:00;07:00 - 16:00;07:00 - 16:00;OFFWE;OFFWE;07:00 - 16:00;07:00 - 16:00;07:00 - 16:00;07:00 - 16:00;07:00 - 16:00;OFFWE;OFFWE;07:00 - 16:00;07:00 - 16:00;07:00 - 16:00;07:00 - 16:00;07:00 - 16:00;OFFWE;OFFWE;07:00 - 16:00;07:00 - 16:00;07:00 - 16:00;07:00 - 16:00;07:00 - 16:00;OFFWE;OFFWE;07:00 - 16:00;07:00 - 16:00;07:00 - 16:00;07:00 - 16:00;PH;OFFWE;OFFWE;PH;07:00 - 16:00;07:00 - 16:00;07:00 - 16:00;07:00 - 16:00;OFFWE;OFFWE;07:00 - 16:00;07:00 - 16:00;07:00 - 16:00;07:00 - 16:00;07:00 - 16:00;OFFWE;OFFWE;AL;AL;AL;AL;AL;OFFWE;OFFWE;07:00 - 16:00;07:00 - 16:00;07:00 - 16:00;07:00 - 16:00;PH;OFFWE;OFFWE;07:00 - 16:00;07:00 - 16:00;07:00 - 16:00;07:00 - 16:00;07:00 - 16:00;OFFWE;OFFWE;07:00 - 16:00;07:00 - 16:00;07:00 - 16:00;PH;07:00 - 16:00;OFFWE;OFFWE;07:00 - 16:00;07:00 - 16:00;07:00 - 16:00;07:00 - 16:00;07:00 - 16:00;OFFWE;OFFWE;PH;07:00 - 16:00;07:00 - 16:00;07:00 - 16:00;07:00 - 16:00;OFFWE;OFFWE;AL;AL;AL;PH;AL;;;AL;AL;AL;AL;AL;;;;;;;;;;;;;;;;;;;;;;;;;AL;AL;AL;;;;;;;;;;;;;;;;;;;;;;;;;;;;;;;;;;;;;;;;;;;;;;;;;;;;;;;;;;;;;;;;;;;;;;;;;;;;;;;;;;;;;;;;;;;;;;;;;;;;;;;;;;;;;;;;;;;;;;;;;;;;;;;;;;;;;;;;;;;;;;;;;;;;;;;;;;;;;;;;;;;;;;;;;;;;;;;
61;9074519;Jessica Schlicht;Full Time;SME;SME;Ion Ciuceanu;PH;08:00 - 17:00;OFFWE;OFFWE;08:00 - 17:00;08:00 - 17:00;08:00 - 17:00;08:00 - 17:00;08:00 - 17:00;OFFWE;OFFWE;08:00 - 17:00;08:00 - 17:00;08:00 - 17:00;08:00 - 17:00;08:00 - 17:00;OFFWE;OFFWE;08:00 - 17:00;08:00 - 17:00;08:00 - 17:00;08:00 - 17:00;08:00 - 17:00;OFFWE;OFFWE;08:00 - 17:00;08:00 - 17:00;08:00 - 17:00;08:00 - 17:00;08:00 - 17:00;OFFWE;OFFWE;08:00 - 17:00;08:00 - 17:00;08:00 - 17:00;08:00 - 17:00;08:00 - 17:00;OFFWE;OFFWE;08:00 - 17:00;08:00 - 17:00;08:00 - 17:00;08:00 - 17:00;08:00 - 17:00;OFFWE;OFFWE;08:00 - 17:00;08:00 - 17:00;08:00 - 17:00;08:00 - 17:00;08:00 - 17:00;OFFWE;OFFWE;08:00 - 17:00;08:00 - 17:00;08:00 - 17:00;08:00 - 17:00;08:00 - 17:00;OFFWE;OFFWE;08:00 - 17:00;08:00 - 17:00;08:00 - 17:00;08:00 - 17:00;08:00 - 17:00;OFFWE;OFFWE;08:00 - 17:00;08:00 - 17:00;08:00 - 17:00;HAL *;08:00 - 17:00;OFFWE;OFFWE;08:00 - 17:00;08:00 - 17:00;08:00 - 17:00;08:00 - 17:00;08:00 - 17:00;OFFWE;OFFWE;08:00 - 17:00;08:00 - 17:00;08:00 - 17:00;08:00 - 17:00;08:00 - 17:00;OFFWE;OFFWE;08:00 - 17:00;08:00 - 17:00;08:00 - 17:00;08:00 - 17:00;PH;OFFWE;OFFWE;PH;08:00 - 17:00;08:00 - 17:00;08:00 - 17:00;08:00 - 17:00;OFFWE;OFFWE;08:00 - 17:00;08:00 - 17:00;08:00 - 17:00;08:00 - 17:00;08:00 - 17:00;OFFWE;OFFWE;08:00 - 17:00;08:00 - 17:00;08:00 - 17:00;08:00 - 17:00;08:00 - 17:00;OFFWE;OFFWE;08:00 - 17:00;08:00 - 17:00;08:00 - 17:00;08:00 - 17:00;08:00 - 17:00;OFFWE;OFFWE;08:00 - 17:00;08:00 - 17:00;08:00 - 17:00;08:00 - 17:00;08:00 - 17:00;OFFWE;OFFWE;08:00 - 17:00;08:00 - 17:00;08:00 - 17:00;PH;08:00 - 17:00;OFFWE;OFFWE;08:00 - 17:00;08:00 - 17:00;08:00 - 17:00;08:00 - 17:00;08:00 - 17:00;OFFWE;OFFWE;PH;08:00 - 17:00;08:00 - 17:00;08:00 - 17:00;08:00 - 17:00;OFFWE;OFFWE;;;;;;;;;;;;;;;;;;;;;;;;;;;;;;;;;;;;;;;;;;;;;;;;;;;;;;;;;;;;;;;;;;;;;;;;;;;;;;;;;;;;;;;;;;;;;;;;;;;;;;;;;;;;;;;;;;;;;;;;;;;;;;;;;;;;;;;;;;;;;;;;;;;;;;;;;;;;;;;;;;;;;;;;;;;;;;;;;;;;;;;;;;;;;;;;;;;;;;;;;;;;;;;;;;;;;;
62;9085138;Christoph Ulatowski;Full Time;SME;WIC;Ion Ciuceanu;PH;AL;OFFWE;OFFWE;08:00 - 17:00;08:00 - 17:00;WIC                                       08:00 - 17:00;08:00 - 17:00;08:00 - 17:00;OFFWE;OFFWE;AL;08:00 - 17:00;WIC                                       08:00 - 17:00;08:00 - 17:00;08:00 - 17:00;OFFWE;OFFWE;08:00 - 17:00;08:00 - 17:00;WIC                                       08:00 - 17:00;08:00 - 17:00;08:00 - 17:00;OFFWE;OFFWE;AL;08:00 - 17:00;WIC                                       08:00 - 17:00;08:00 - 17:00;08:00 - 17:00;OFFWE;OFFWE;08:00 - 17:00;08:00 - 17:00;WIC                                       08:00 - 17:00;08:00 - 17:00;08:00 - 17:00;OFFWE;OFFWE;AL;08:00 - 17:00;WIC                                       08:00 - 17:00;08:00 - 17:00;08:00 - 17:00;OFFWE;OFFWE;08:00 - 17:00;08:00 - 17:00;WIC                                       08:00 - 17:00;08:00 - 17:00;08:00 - 17:00;OFFWE;OFFWE;AL;08:00 - 17:00;WIC                                       08:00 - 17:00;08:00 - 17:00;08:00 - 17:00;OFFWE;OFFWE;08:00 - 17:00;08:00 - 17:00;WIC                                       08:00 - 17:00;08:00 - 17:00;08:00 - 17:00;OFFWE;OFFWE;AL;08:00 - 17:00;08:00 - 17:00;08:00 - 17:00;08:00 - 17:00;OFFWE;OFFWE;08:00 - 17:00;08:00 - 17:00;08:00 - 17:00;08:00 - 17:00;08:00 - 17:00;OFFWE;OFFWE;AL;08:00 - 17:00;08:00 - 17:00;08:00 - 17:00;08:00 - 17:00;OFFWE;OFFWE;AL;AL;AL;AL;PH;OFFWE;OFFWE;PH;08:00 - 17:00;08:00 - 17:00;08:00 - 17:00;08:00 - 17:00;OFFWE;OFFWE;08:00 - 17:00;08:00 - 17:00;08:00 - 17:00;08:00 - 17:00;08:00 - 17:00;OFFWE;OFFWE;08:00 - 17:00;08:00 - 17:00;08:00 - 17:00;08:00 - 17:00;08:00 - 17:00;OFFWE;OFFWE;08:00 - 17:00;08:00 - 17:00;08:00 - 17:00;08:00 - 17:00;08:00 - 17:00;OFFWE;OFFWE;08:00 - 17:00;08:00 - 17:00;08:00 - 17:00;08:00 - 17:00;08:00 - 17:00;OFFWE;OFFWE;08:00 - 17:00;08:00 - 17:00;08:00 - 17:00;PH;CD;OFFWE;OFFWE;08:00 - 17:00;08:00 - 17:00;08:00 - 17:00;08:00 - 17:00;08:00 - 17:00;OFFWE;OFFWE;PH;08:00 - 17:00;08:00 - 17:00;08:00 - 17:00;08:00 - 17:00;OFFWE;OFFWE;;;;;;;;;;;;;;;;;;;;;;;;;;;;;;;;;;;;;;;;;;;;;;;;;;;;;;;;;;;;;;;;;;;;;;;;;;;;;;;;;;;;;;;;;;;;;;;;;;;;;;;;;;;;;;;;;;;;;;;;;;;;;;;;;;;;;;;;;;;;;;;;;;;;;;;;;;;;;;;;;;;;;;;;;;;;;;;;;;;;;;;;;;;;;;;;;;;;;;;;;;;;;;;;;;;;;;
63;9074466;Stojnic Nebojsa ;Full Time;SME;WIC;Ion Ciuceanu;PH;08:00 - 17:00;OFFWE;OFFWE;08:00 - 17:00;08:00 - 17:00;AL;08:00 - 17:00;08:00 - 17:00;OFFWE;OFFWE;08:00 - 17:00;08:00 - 17:00;08:00 - 17:00;08:00 - 17:00;08:00 - 17:00;OFFWE;OFFWE;08:00 - 17:00;08:00 - 17:00;08:00 - 17:00;08:00 - 17:00;08:00 - 17:00;OFFWE;OFFWE;08:00 - 17:00;08:00 - 17:00;08:00 - 17:00;08:00 - 17:00;08:00 - 17:00;OFFWE;OFFWE;08:00 - 17:00;08:00 - 17:00;08:00 - 17:00;08:00 - 17:00;08:00 - 17:00;OFFWE;OFFWE;08:00 - 17:00;08:00 - 17:00;08:00 - 17:00;08:00 - 17:00;08:00 - 17:00;OFFWE;OFFWE;08:00 - 17:00;08:00 - 17:00;08:00 - 17:00;WIC                                       08:00 - 17:00;08:00 - 17:00;OFFWE;OFFWE;08:00 - 17:00;08:00 - 17:00;08:00 - 17:00;08:00 - 17:00;08:00 - 17:00;OFFWE;OFFWE;08:00 - 17:00;08:00 - 17:00;08:00 - 17:00;08:00 - 17:00;08:00 - 17:00;OFFWE;OFFWE;08:00 - 17:00;08:00 - 17:00;08:00 - 17:00;08:00 - 17:00;08:00 - 17:00;OFFWE;OFFWE;08:00 - 17:00;08:00 - 17:00;08:00 - 17:00;08:00 - 17:00;08:00 - 17:00;OFFWE;OFFWE;08:00 - 17:00;08:00 - 17:00;08:00 - 17:00;08:00 - 17:00;08:00 - 17:00;OFFWE;OFFWE;08:00 - 17:00;08:00 - 17:00;08:00 - 17:00;08:00 - 17:00;PH;OFFWE;OFFWE;PH;AL;AL;AL;08:00 - 17:00;OFFWE;OFFWE;08:00 - 17:00;08:00 - 17:00;08:00 - 17:00;08:00 - 17:00;08:00 - 17:00;OFFWE;OFFWE;08:00 - 17:00;08:00 - 17:00;08:00 - 17:00;08:00 - 17:00;08:00 - 17:00;OFFWE;OFFWE;08:00 - 17:00;08:00 - 17:00;08:00 - 17:00;08:00 - 17:00;PH;OFFWE;OFFWE;08:00 - 17:00;08:00 - 17:00;08:00 - 17:00;08:00 - 17:00;08:00 - 17:00;OFFWE;OFFWE;08:00 - 17:00;08:00 - 17:00;08:00 - 17:00;PH;08:00 - 17:00;OFFWE;OFFWE;08:00 - 17:00;08:00 - 17:00;08:00 - 17:00;08:00 - 17:00;08:00 - 17:00;OFFWE;OFFWE;PH;08:00 - 17:00;08:00 - 17:00;08:00 - 17:00;08:00 - 17:00;OFFWE;OFFWE;;;;;;;;;;;WIC                                       08:00 - 17:00;;;;;;;WIC                                       08:00 - 17:00;;;;;;;;;;;;;;;;;;;;;;;;;;;;;;;;;;;;;;;;;;;;;;;;AL;AL;AL;;;AL;AL;AL;AL;AL;;;AL;AL;AL;AL;AL;;;AL;AL;AL;AL;AL;;;AL;;;;;;;;;;WIC                                       08:00 - 17:00;;;;;;;WIC                                       08:00 - 17:00;;;;;;;WIC                                       08:00 - 17:00;;;;;;;;;;;;;;;;;;;;;;;;;;;;;;;;;;;;;;;;;;;;;;;;;;;;;;;;;;;;;;;;;;;;;;;;;;;;;;;;;;;;;;;;;;;;;;;;;;
64;9074526;Kevin Heynen;Full Time;Dispatcher;WIC;Oliver Schleusen;PH;07:00 - 16:00;OFFWE;OFFWE;07:00 - 16:00;07:00 - 16:00;WIC                                       08:00 - 17:00;WIC                                       08:00 - 17:00;WIC                                       08:00 - 17:00;OFFWE;OFFWE;07:00 - 16:00;07:00 - 16:00;AL;AL;AL;OFFWE;OFFWE;SL;07:00 - 16:00;07:00 - 16:00;07:00 - 16:00;08:00 - 17:00;OFFWE;OFFWE;WIC                                       08:00 - 17:00;WIC                                       08:00 - 17:00;WIC                                       08:00 - 17:00;WIC                                       08:00 - 17:00;WIC                                       08:00 - 17:00;OFFWE;OFFWE;WIC                                       08:00 - 17:00;WIC                                       08:00 - 17:00;WIC                                       08:00 - 17:00;WIC                                       08:00 - 17:00;WIC                                       08:00 - 17:00;OFFWE;OFFWE;SL;SL;SL;SL;SL;OFFWE;OFFWE;07:00 - 16:00;07:00 - 16:00;07:00 - 16:00;08:00 - 17:00;07:00 - 16:00;OFFWE;OFFWE;08:00 - 17:00;07:00 - 16:00;07:00 - 16:00;07:00 - 16:00;07:00 - 16:00;OFFWE;OFFWE;WIC                                       07:30 - 16:30;07:00 - 16:00;07:00 - 16:00;07:00 - 16:00;07:00 - 16:00;OFFWE;OFFWE;07:00 - 16:00;07:00 - 16:00;AL;AL;AL;OFFWE;OFFWE;07:00 - 16:00;07:00 - 16:00;07:00 - 16:00;07:00 - 16:00;SL;OFFWE;OFFWE;SL;SL;SL;07:00 - 16:00;07:00 - 16:00;OFFWE;OFFWE;07:00 - 16:00;07:00 - 16:00;07:00 - 16:00;07:00 - 16:00;PH;OFFWE;OFFWE;PH;07:00 - 16:00;07:00 - 16:00;WIC                                       07:30 - 16:30;07:00 - 16:00;OFFWE;OFFWE;07:00 - 16:00;07:00 - 16:00;07:00 - 16:00;07:00 - 16:00;07:00 - 16:00;OFFWE;OFFWE;07:00 - 16:00;HAL *;07:00 - 16:00;07:00 - 16:00;07:00 - 16:00;OFFWE;OFFWE;07:00 - 16:00;07:00 - 16:00;AL;AL;PH;OFFWE;OFFWE;07:00 - 16:00;07:00 - 16:00;07:00 - 16:00;07:00 - 16:00;07:00 - 16:00;OFFWE;OFFWE;07:00 - 16:00;07:00 - 16:00;07:00 - 16:00;PH;AL;OFFWE;OFFWE;07:00 - 16:00;07:00 - 16:00;07:00 - 16:00;07:00 - 16:00;07:00 - 16:00;OFFWE;OFFWE;PH;07:00 - 16:00;07:00 - 16:00;07:00 - 16:00;07:00 - 16:00;OFFWE;OFFWE;;;;;07:00 - 16:00;;;;;;;;;;;;;;;;;;;;;;;;;;;;;;;;;;;;;;;;;;;;;;;;;;;;;;;;;;;;;;;;;;;;;;;;;;;;;;;;;;;;;;;;;;;;;;;;;;;;;;;;;;;;;;;;;;;;;;;;;;;;;;;;;;;;;;;;;;;;;;;;;;;;;;;;;;;;;;;;;;;;;;;;;;;;;;;;;;;;;;;;;;;;;;;;;;;;;;;;;;;;;;;;;
65;9090513;Michael Holz;Full Time;Dispatcher;WIC;Karlo Coric????? ;PH;AL;OFFWE;OFFWE;AL;AL;AL;AL;AL;OFFWE;OFFWE;08:00 - 17:00;08:00 - 17:00;07:00 - 16:00;07:00 - 16:00;07:00 - 16:00;OFFWE;OFFWE;07:00 - 16:00;07:00 - 16:00;07:00 - 16:00;08:00 - 17:00;08:00 - 17:00;OFFWE;OFFWE;07:00 - 16:00;07:00 - 16:00;08:00 - 17:00;07:00 - 16:00;07:00 - 16:00;OFFWE;OFFWE;Rollout           08:00 - 17:00;Rollout           08:00 - 17:00;Rollout           08:00 - 17:00;Rollout           08:00 - 17:00;Rollout           08:00 - 17:00;OFFWE;OFFWE;Rollout           08:00 - 17:00;Rollout           08:00 - 17:00;Rollout           08:00 - 17:00;Rollout           08:00 - 17:00;Rollout           08:00 - 17:00;OFFWE;OFFWE;Rollout           08:00 - 17:00;Rollout           08:00 - 17:00;SL;SL;SL;OFFWE;OFFWE;Rollout           08:00 - 17:00;Rollout           08:00 - 17:00;Rollout           08:00 - 17:00;Rollout           08:00 - 17:00;Rollout           08:00 - 17:00;OFFWE;OFFWE;Rollout           08:00 - 17:00;Rollout           08:00 - 17:00;Rollout           08:00 - 17:00;Rollout           08:00 - 17:00;Rollout           08:00 - 17:00;OFFWE;OFFWE;Rollout           08:00 - 17:00;Rollout           08:00 - 17:00;Rollout           08:00 - 17:00;Rollout           08:00 - 17:00;Rollout           08:00 - 17:00;OFFWE;OFFWE;Rollout           08:00 - 17:00;Rollout           08:00 - 17:00;Rollout           08:00 - 17:00;Rollout           08:00 - 17:00;Rollout           08:00 - 17:00;OFFWE;OFFWE;Rollout           08:00 - 17:00;Rollout           08:00 - 17:00;Rollout           08:00 - 17:00;Rollout           08:00 - 17:00;Rollout           08:00 - 17:00;OFFWE;OFFWE;Rollout           08:00 - 17:00;Rollout           08:00 - 17:00;Rollout           08:00 - 17:00;Rollout           08:00 - 17:00;PH;OFFWE;OFFWE;PH;Rollout           08:00 - 17:00;Rollout           08:00 - 17:00;Rollout           08:00 - 17:00;Rollout           08:00 - 17:00;OFFWE;OFFWE;Rollout           08:00 - 17:00;Rollout           08:00 - 17:00;Rollout           08:00 - 17:00;Rollout           08:00 - 17:00;Rollout           08:00 - 17:00;OFFWE;OFFWE;08:00 - 17:00;08:00 - 17:00;08:00 - 17:00;08:00 - 17:00;08:00 - 17:00;OFFWE;OFFWE;08:00 - 17:00;08:00 - 17:00;08:00 - 17:00;08:00 - 17:00;PH;OFFWE;OFFWE;08:00 - 17:00;08:00 - 17:00;08:00 - 17:00;08:00 - 17:00;08:00 - 17:00;OFFWE;OFFWE;08:00 - 17:00;08:00 - 17:00;08:00 - 17:00;PH;08:00 - 17:00;OFFWE;OFFWE;08:00 - 17:00;08:00 - 17:00;08:00 - 17:00;08:00 - 17:00;08:00 - 17:00;OFFWE;OFFWE;PH;AL;AL;AL;AL;OFFWE;OFFWE;AL;AL;AL;LPH;AL;OFFWE;OFFWE;AL;AL;;;;OFFWE;OFFWE;;;;;;;;;;;;;;;;;;;;;;;;;;;;;;;;;;;;AL;AL;AL;AL;AL;;;AL;AL;;;;;;AL;AL;AL;AL;AL;;;;;;;;;;;;;;;;;;;;;;;;;;;;;;;;;;;;;;;;;;;;;;;;;;;;;;;;;;;;;;;;;;;;;;;;;;;;;;;;;;;;;;;;;;;;;;;;;;;;;;;;;;;;;;;;;;;;;;;;;;;;;;;;;;;;;;;;;;;;;;;;;;
66;9074348;Asal Wardaastiani Azar;Full Time;Dispatcher;Dispatcher;Ion Ciuceanu;PH;CD;13:00 - 22:00;13:00 - 22:00;OFF;06:00 - 15:00;06:00 - 15:00;06:00 - 15:00;13:00 - 22:00;OFFWE;OFFWE;SL;SL;SL;SL;OFF;22:00 - 07:00;22:00 - 07:00;22:00 - 07:00;22:00 - 07:00;22:00 - 07:00;OFF;OFF;13:00 - 22:00;13:00 - 22:00;13:00 - 22:00;OFF;06:00 - 15:00;06:00 - 15:00;06:00 - 15:00;13:00 - 22:00;OFFWE;22:00 - 07:00;22:00 - 07:00;22:00 - 07:00;22:00 - 07:00;22:00 - 07:00;OFFWE;OFFWE;06:00 - 15:00;06:00 - 15:00;06:00 - 15:00;06:00 - 15:00;06:00 - 15:00;OFFWE;OFFWE;06:00 - 15:00;06:00 - 15:00;06:00 - 15:00;OFF;06:00 - 15:00;OFFWE;13:00 - 22:00;22:00 - 07:00;22:00 - 07:00;22:00 - 07:00;22:00 - 07:00;OFF;OFFWE;13:00 - 22:00;OFF;08:00 - 17:00;08:00 - 17:00;08:00 - 17:00;* HSL;OFFWE;OFFWE;08:00 - 17:00;08:00 - 17:00;08:00 - 17:00;08:00 - 17:00;08:00 - 17:00;OFFWE;OFFWE;08:00 - 17:00;08:00 - 17:00;07:00 - 16:00;07:00 - 16:00;07:00 - 16:00;OFFWE;OFFWE;08:00 - 17:00;07:00 - 16:00;SL;SL;SL;OFFWE;OFFWE;SL;SL;SL;07:00 - 16:00;PH;OFFWE;OFFWE;PH;07:00 - 16:00;07:00 - 16:00;07:00 - 16:00;07:00 - 16:00;OFFWE;OFFWE;07:00 - 16:00;SL;SL;SL;SL;OFFWE;OFFWE;08:00 - 17:00;08:00 - 17:00;08:00 - 17:00;08:00 - 17:00;08:00 - 17:00;OFFWE;OFFWE;08:00 - 17:00;08:00 - 17:00;08:00 - 17:00;08:00 - 17:00;PH;OFFWE;OFFWE;07:00 - 16:00;07:00 - 16:00;07:00 - 16:00;07:00 - 16:00;07:00 - 16:00;OFFWE;OFFWE;07:00 - 16:00;07:00 - 16:00;07:00 - 16:00;07:00 - 16:00;07:00 - 16:00;OFF;OFF;AL;AL;AL;AL;AL;OFF;OFF;PH;07:00 - 16:00;07:00 - 16:00;07:00 - 16:00;07:00 - 16:00;OFFWE;OFFWE;;;;;;;;;;;;;;;;;;;;;;;;;;;;;;;;;;;;;;;;;;;;;;;;;;;;;;;;;;;;;;;;;;;;;;;;;;;;;;;;;;;;;;;;;;;;;;;;;OFFWE;OFFWE;AL;AL;AL;AL;AL;OFFWE;OFFWE;AL;AL;AL;AL;AL;OFFWE;OFFWE;;;;;;;;;;;;;;;;;;;;;;;;;;;;;;;;;;;;;;;;;;;;;;;;;;;;;;;;;;;;;;;;;;;;;;;;;;;;;;;;;;;;;;;;;;;;;;;;;;;;;;
;;;;;;;;;;;;;;;;;;;;;;;;;;;;;;;;;;;;;;;;;;;;;;;;;;;;;;;;;;;;;;;;;;;;;;;;;;;;;;;;;;;;;;;;;;;;;;;;;;;;;;;;;;;;;;;;;;;;;;;;;;;;;;;;;;;;;;;;;;;;;;;;;;;;;;;;;;;;;;;;;;;;;;;;;;;;;;;;;;;;;;;;;;;;;;;;;;;;;;;;;;;;;;;;;;;;;;;;;;;;;;;;;;;;;;;;;;;;;;;;;;;;;;;;;;;;;;;;;;;;;;;;;;;;;;;;;;;;;;;;;;;;;;;;;;;;;;;;;;;;;;;;;;;;;;;;;;;;;;;;;;;;;;;;;;;;;;;;;;;;;;;;;;;;;;;;;;;;;;;;;;;;;;;;;;;
;;;;;;;;;;;;;;;;;;;;;;;;;;;;;;;;;;;;;;;;;;;;;;;;;;;;;;;;;;;;;;;;;;;;;;;;;;;;;;;;;;;;;;;;;;;;;;;;;;;;;;;;;;;;;;;;;;;;;;;;;;;;;;;;;;;;;;;;;;;;;;;;;;;;;;;;;;;;;;;;;;;;;;;;;;;;;;;;;;;;;;;;;;;;;;;;;;;;;;;;;;;;;;;;;;;;;;;;;;;;;;;;;;;;;;;;;;;;;;;;;;;;;;;;;;;;;;;;;;;;;;;;;;;;;;;;;;;;;;;;;;;;;;;;;;;;;;;;;;;;;;;;;;;;;;;;;;;;;;;;;;;;;;;;;;;;;;;;;;;;;;;;;;;;;;;;;;;;;;;;;;;;;;;;;;;
;;;;;;;;;;;;;;;;;;;;;;;;;;;;;;;;;;;;;;;;;;;;;;;;;;;;;;;;;;;;;;;;;;;;;;;;;;;;;;;;;;;;;;;;;;;;;;;;;;;;;;;;;;;;;;;;;;;;;;;;;;;;;;;;;;;;;;;;;;;;;;;;;;;;;;;;;;;;;;;;;;;;;;;;;;;;;;;;;;;;;;;;;;;;;;;;;;;;;;;;;;;;;;;;;;;;;;;;;;;;;;;;;;;;;;;;;;;;;;;;;;;;;;;;;;;;;;;;;;;;;;;;;;;;;;;;;;;;;;;;;;;;;;;;;;;;;;;;;;;;;;;;;;;;;;;;;;;;;;;;;;;;;;;;;;;;;;;;;;;;;;;;;;;;;;;;;;;;;;;;;;;;;;;;;;;
;;;;;;Translation calls;/;Timon;/;/;Timon;Timon;Timon;Timon;Timon;/;/;Duc Quy;Timon;Timon;Timon;Timon;/;/;Timon;Timon;Tim Nguyen;Tim Nguyen;Timon;/;/;Timon;Timon;Timon;Timon;Timon;/;/;Timon;Timon;Timon;Timon;Timon;/;/;Timon;Timon;Timon;Timon;Timon;/;/;Timon;Timon;Timon;Timon;Timon;/;/;Timon;Timon;Timon;Tim Nguyen;Tim Nguyen;/;/;Timon;Tim Nguyen;Tim Nguyen;Tim Nguyen;Tim Nguyen;/;/;Timon Philippen;Timon Philippen;Timon Philippen;Timon Philippen;Timon Philippen;OFFWE;OFFWE;Timon Philippen;Timon Philippen;Timon Philippen;Timon Philippen;Timon Philippen;OFFWE;OFFWE;Tim Nguyen;Tim Nguyen;Tim Nguyen;Tim Nguyen;Tim Nguyen;OFFWE;OFFWE;Timon Philippen;Timon Philippen;Timon Philippen;Timon Philippen;PH;OFFWE;OFFWE;PH;;;;;;;;;;;;;;;;;;;;;;;;;;;;;;;;;;;;;;;;;;;;;;;;;;;;;;;;;;;;;;;;;;;;;;;;;;;;;;;;;;;;;;;;;;;;;;;;;;;;;;;;;;;;;;;;;;;;;;;;;;;;;;;;;;;;;;;;;;;;;;;;;;;;;;;;;;;;;;;;;;;;;;;;;;;;;;;;;;;;;;;;;;;;;;;;;;;;;;;;;;;;;;;;;;;;;;;;;;;;;;;;;;;;;;;;;;;;;;;;;;;;;;;;;;;;;;;;;;;;;;;;;;;;;
;;;;;;VWIC;/;Kevin Haska;/;/;/;/;Kevin Haska;Kevin Haska;Kevin Haska;Kevin Haska;Kevin Haska;Kevin Haska;Kevin Haska;Kevin Haska;Kevin Haska;Kevin Haska;/;/;Kevin Haska;Kevin Haska;Kevin Haska;Kevin Haska;Kevin Haska;/;/;Kevin Haska;Kevin Haska;Kevin Haska;Kevin Haska;Kevin Haska;/;/;Kevin Haska;Kevin Haska;Kevin Haska;Kevin Haska;Kevin Haska;/;/;Kevin Haska;Kevin Haska;Kevin Haska;Kevin Haska;Kevin Haska;/;/;Kevin Haska;Kevin Haska;Kevin Haska;Kevin Haska;Kevin Haska;/;/;Kevin Haska;Kevin Haska;Kevin Haska;Kevin Haska;Kevin Haska;/;/;Gunter Dinkelmann;Gunter Dinkelmann;Gunter Dinkelmann;Gunter Dinkelmann;Gunter Dinkelmann;/;/;Gunter Dinkelmann;Gunter Dinkelmann;Gunter Dinkelmann;Gunter Dinkelmann;Gunter Dinkelmann;OFFWE;OFFWE;Gunter Dinkelmann;Gunter Dinkelmann;Gunter Dinkelmann;Gunter Dinkelmann;Gunter Dinkelmann;OFFWE;OFFWE;Gunter Dinkelmann;Gunter Dinkelmann;Gunter Dinkelmann;Gunter Dinkelmann;Gunter Dinkelmann;OFFWE;OFFWE;Gunter Dinkelmann;Gunter Dinkelmann;Gunter Dinkelmann;Gunter Dinkelmann;PH;OFFWE;OFFWE;PH;Gunter Dinkelmann;Gunter Dinkelmann;Gunter Dinkelmann;Gunter Dinkelmann;OFFWE;OFFWE;Gunter Dinkelmann;Gunter Dinkelmann;Gunter Dinkelmann;Gunter Dinkelmann;OFFWE;OFFWE;;;;;;;;;;;;;;;;;;;;;;;;;;;;;;;;;;;;;;;;;;;;;;;;;;;;;;;;;;;;;;;;;;;;;;;;;;;;;;;;;;;;;;;;;;;;;;;;;;;;;;;;;;;;;;;;;;;;;;;;;;;;;;;;;;;;;;;;;;;;;;;;;;;;;;;;;;;;;;;;;;;;;;;;;;;;;;;;;;;;;;;;;;;;;;;;;;;;;;;;;;;;;;;;;;;;;;;;;;;;;;;;;;;;;;;;;;;;;;;;;;;;;;;;;;;;;;;;;
;;;;;;;;;/;/;/;/;;;;;;;;;;;/;/;;;;;;/;/;;;;;;/;/;;;;;;/;/;;;;;;/;/;;;;;;/;/;;;;;;/;/;Isloodien Hurchem Lawrence;Isloodien Hurchem Lawrence;Isloodien Hurchem Lawrence;Isloodien Hurchem Lawrence;Isloodien Hurchem Lawrence;/;/;Isloodien Hurchem Lawrence;Isloodien Hurchem Lawrence;Isloodien Hurchem Lawrence;Isloodien Hurchem Lawrence;Isloodien Hurchem Lawrence;OFFWE;OFFWE;Isloodien Hurchem Lawrence;Isloodien Hurchem Lawrence;Isloodien Hurchem Lawrence;Isloodien Hurchem Lawrence;Isloodien Hurchem Lawrence;OFFWE;OFFWE;Isloodien Hurchem Lawrence;Isloodien Hurchem Lawrence;Isloodien Hurchem Lawrence;Isloodien Hurchem Lawrence;Isloodien Hurchem Lawrence;OFFWE;OFFWE;Isloodien Hurchem Lawrence;Isloodien Hurchem Lawrence;Isloodien Hurchem Lawrence;Isloodien Hurchem Lawrence;PH;OFFWE;OFFWE;PH;Isloodien Hurchem Lawrence;Isloodien Hurchem Lawrence;Isloodien Hurchem Lawrence;Isloodien Hurchem Lawrence;OFFWE;OFFWE;Isloodien Hurchem Lawrence;Isloodien Hurchem Lawrence;Isloodien Hurchem Lawrence;Isloodien Hurchem Lawrence;OFFWE;OFFWE;;;;;;;;;;;;;;;;;;;;;;;;;;;;;;;;;;;;;;;;;;;;;;;;;;;;;;;;;;;;;;;;;;;;;;;;;;;;;;;;;;;;;;;;;;;;;;;;;;;;;;;;;;;;;;;;;;;;;;;;;;;;;;;;;;;;;;;;;;;;;;;;;;;;;;;;;;;;;;;;;;;;;;;;;;;;;;;;;;;;;;;;;;;;;;;;;;;;;;;;;;;;;;;;;;;;;;;;;;;;;;;;;;;;;;;;;;;;;;;;;;;;;;;;;;;;;;;;;
;;;;;;;;;/;/;/;/;;;;;;;;;;;/;/;;;;;;/;/;;;;;;/;/;;;;;;/;/;;;;;;/;/;;;;;;/;/;;;;;;/;/;Anifa Ngcongo;Anifa Ngcongo;Anifa Ngcongo;Anifa Ngcongo;Anifa Ngcongo;/;/;Anifa Ngcongo;Anifa Ngcongo;Anifa Ngcongo;Anifa Ngcongo;Anifa Ngcongo;OFFWE;OFFWE;Anifa Ngcongo;Anifa Ngcongo;Anifa Ngcongo;Anifa Ngcongo;Anifa Ngcongo;OFFWE;OFFWE;Anifa Ngcongo;Anifa Ngcongo;Anifa Ngcongo;Anifa Ngcongo;Anifa Ngcongo;OFFWE;OFFWE;Elena Schlosser;Elena Schlosser;Elena Schlosser;Elena Schlosser;PH;OFFWE;OFFWE;PH;Elena Schlosser;Elena Schlosser;Elena Schlosser;Elena Schlosser;OFFWE;OFFWE;Elena Schlosser;Elena Schlosser;Elena Schlosser;Elena Schlosser;OFFWE;OFFWE;;;;;;;;;;;;;;;;;;;;;;;;;;;;;;;;;;;;;;;;;;;;;;;;;;;;;;;;;;;;;;;;;;;;;;;;;;;;;;;;;;;;;;;;;;;;;;;;;;;;;;;;;;;;;;;;;;;;;;;;;;;;;;;;;;;;;;;;;;;;;;;;;;;;;;;;;;;;;;;;;;;;;;;;;;;;;;;;;;;;;;;;;;;;;;;;;;;;;;;;;;;;;;;;;;;;;;;;;;;;;;;;;;;;;;;;;;;;;;;;;;;;;;;;;;;;;;;;;
;;;;;;vWIC Fürstenwalde;;;;;;;;;;;;;;;;;;;;;;;;;;;;;;;;;;;;;;;;;;;;;;;;;;;;;;;;;;;;;;;;;;;;;;;;;;;;;;;;;OFFWE;Kevin Haska;Kevin Haska;Kevin Haska;Kevin Haska;Kevin Haska;OFFWE;OFFWE;Kevin Haska;Kevin Haska;Kevin Haska;Kevin Haska;PH;OFFWE;OFFWE;PH;Kevin Haska;Kevin Haska;Kevin Haska;Kevin Haska;OFFWE;OFFWE;Kevin Haska;Kevin Haska;Kevin Haska;Kevin Haska;OFFWE;OFFWE;;;;;;;;;;;;;;;;;;;;;;;;;;;;;;;;;;;;;;;;;;;;;;;;;;;;;;;;;;;;;;;;;;;;;;;;;;;;;;;;;;;;;;;;;;;;;;;;;;;;;;;;;;;;;;;;;;;;;;;;;;;;;;;;;;;;;;;;;;;;;;;;;;;;;;;;;;;;;;;;;;;;;;;;;;;;;;;;;;;;;;;;;;;;;;;;;;;;;;;;;;;;;;;;;;;;;;;;;;;;;;;;;;;;;;;;;;;;;;;;;;;;;;;;;;;;;;;;;
;;;;;;Bulk PWs;/;Burak Kurtulmaz;/;/;Burak Kurtulmaz;Burak Kurtulmaz;Burak Kurtulmaz;Burak Kurtulmaz;Burak Kurtulmaz;/;/;Burak Kurtulmaz;Burak Kurtulmaz;Burak Kurtulmaz;Burak Kurtulmaz;Burak Kurtulmaz;/;/;Burak Kurtulmaz;Burak Kurtulmaz;Burak Kurtulmaz;Burak Kurtulmaz;Burak Kurtulmaz;/;/;Burak Kurtulmaz;Burak Kurtulmaz;Burak Kurtulmaz;Burak Kurtulmaz;Burak Kurtulmaz;/;/;Burak Kurtulmaz;Burak Kurtulmaz;Burak Kurtulmaz;Burak Kurtulmaz;Burak Kurtulmaz;/;/;Burak Kurtulmaz;Burak Kurtulmaz;Burak Kurtulmaz;Burak Kurtulmaz;Burak Kurtulmaz;/;/;Burak Kurtulmaz;Burak Kurtulmaz;Burak Kurtulmaz;Burak Kurtulmaz;Burak Kurtulmaz;/;/;Burak Kurtulmaz;Burak Kurtulmaz;Burak Kurtulmaz;Burak Kurtulmaz;Burak Kurtulmaz;/;/;Tim Nguyen;Tim Nguyen;Tim Nguyen;Tim Nguyen;Tim Nguyen;/;/;Timon Philippen;Timon Philippen;Timon Philippen;Timon Philippen;Timon Philippen;OFFWE;OFFWE;Tim Nguyen;Tim Nguyen;Burak Kurtulmaz;Burak Kurtulmaz;Burak Kurtulmaz;OFFWE;OFFWE;Burak Kurtulmaz;Burak Kurtulmaz;Burak Kurtulmaz;Burak Kurtulmaz;Burak Kurtulmaz;OFFWE;OFFWE;Burak Kurtulmaz;Timon Philippen;Burak Kurtulmaz;Burak Kurtulmaz;PH;OFFWE;OFFWE;PH;Burak Kurtulmaz;Timon Philippen;Burak Kurtulmaz;Burak Kurtulmaz;OFFWE;OFFWE;Burak Kurtulmaz;Timon Philippen;Burak Kurtulmaz;Burak Kurtulmaz;OFFWE;OFFWE;;;;;;;;;;;;;;;;;;;;;;;;;;;;;;;;;;;;;;;;;;;;;;;;;;;;;;;;;;;;;;;;;;;;;;;;;;;;;;;;;;;;;;;;;;;;;;;;;;;;;;;;;;;;;;;;;;;;;;;;;;;;;;;;;;;;;;;;;;;;;;;;;;;;;;;;;;;;;;;;;;;;;;;;;;;;;;;;;;;;;;;;;;;;;;;;;;;;;;;;;;;;;;;;;;;;;;;;;;;;;;;;;;;;;;;;;;;;;;;;;;;;;;;;;;;;;;;;;
;;;;;;Booking Tool;/;Kevin Haska;/;/;Kevin Haska;Kevin Haska;Kevin Haska;Kevin Haska;Kevin Haska;/;/;Kevin Haska;Kevin Haska;Kevin Haska;Kevin Haska;Kevin Haska;/;/;Kevin Haska;Kevin Haska;Kevin Haska;Kevin Haska;Kevin Haska;/;/;Kevin Haska;Kevin Haska;Kevin Haska;Kevin Haska;Kevin Haska;/;/;Kevin Haska;Kevin Haska;Kevin Haska;Kevin Haska;Kevin Haska;/;/;Kevin Haska;Kevin Haska;Kevin Haska;Kevin Haska;Kevin Haska;/;/;Kevin Haska;Kevin Haska;Kevin Haska;Kevin Haska;Kevin Haska;/;/;Kevin Haska;Kevin Haska;Kevin Haska;Kevin Haska;Kevin Haska;/;/;Kevin Haska;Kevin Haska;Kevin Haska;Kevin Haska;Kevin Haska;/;/;Kevin Haska;Kevin Haska;Kevin Haska;Kevin Haska;Kevin Haska;OFFWE;OFFWE;Kevin Haska;Kevin Haska;Kevin Haska;Kevin Haska;Kevin Haska;OFFWE;OFFWE;Kevin Haska;Kevin Haska;Kevin Haska;Kevin Haska;Kevin Haska;OFFWE;OFFWE;Kevin Haska;Kevin Haska;Kevin Haska;Kevin Haska;PH;OFFWE;OFFWE;PH;Kevin Haska;Kevin Haska;Kevin Haska;Kevin Haska;OFFWE;OFFWE;Kevin Haska;Kevin Haska;Kevin Haska;Kevin Haska;OFFWE;OFFWE;;;;;;;;;;;;;;;;;;;;;;;;;;;;;;;;;;;;;;;;;;;;;;;;;;;;;;;;;;;;;;;;;;;;;;;;;;;;;;;;;;;;;;;;;;;;;;;;;;;;;;;;;;;;;;;;;;;;;;;;;;;;;;;;;;;;;;;;;;;;;;;;;;;;;;;;;;;;;;;;;;;;;;;;;;;;;;;;;;;;;;;;;;;;;;;;;;;;;;;;;;;;;;;;;;;;;;;;;;;;;;;;;;;;;;;;;;;;;;;;;;;;;;;;;;;;;;;;;
;;;;;;;;;;;;;;;;;;;;;;;;;;;;;;;;;;;;;;;;;;;;;;;;;;;;;;;;;;;;;;;;;;;;;;;;;;;;;;;;;;;;;;;;;;;;;;;;;;;;;;;;;;;;;;;;;;;;;;;;;;;;;;;;;;;;;;;;;;;;;;;;;;;;;;;;;;;;;;;;;;;;;;;;;;;;;;;;;;;;;;;;;;;;;;;;;;;;;;;;;;;;;;;;;;;;;;;;;;;;;;;;;;;;;;;;;;;;;;;;;;;;;;;;;;;;;;;;;;;;;;;;;;;;;;;;;;;;;;;;;;;;;;;;;;;;;;;;;;;;;;;;;;;;;;;;;;;;;;;;;;;;;;;;;;;;;;;;;;;;;;;;;;;;;;;;;;;;;;;;;;;;;;;;;;;
;Legend;;;;;Voice Full Time;;;;;;;;;;;;;;;;;;;;;;;;;;;;;;;;;;;;;;;;;;;;;;;;;;;;;;;;;;;;;;;;;;;;;;;;;;;;;;;;;;;;;;;;;;;;;;;;;;;;;;;;;;;;;;;;;;;;;;;;;;;;;;;;;;;;;;;;;;;;;;;;;;;;;;;;;;;;;;;;;;;;;;;;;;;;;;;;;;;;;;;;;;;;;;;;;;;;;;;;;;;;;;;;;;;;;;;;;;;;;;;;;;;;;;;;;;;;;;;;;;;;;;;;;;;;;;;;;;;;;;;;;;;;;;;;;;;;;;;;;;;;;;;;;;;;;;;;;;;;;;;;;;;;;;;;;;;;;;;;;;;;;;;;;;;;;;;;;;;;;;;;;;;;;;;;;;;;;;;;;;;;;
;Roles;Shifts;Statuses;;;06:00 - 15:00;0;1;0;0;2;1;1;1;1;0;0;1;2;2;2;1;0;0;2;1;1;2;1;0;0;1;1;1;1;2;0;0;2;2;2;2;2;0;0;2;2;2;1;1;0;0;1;1;1;1;1;0;0;2;2;3;2;2;0;0;2;1;2;2;2;0;0;1;1;2;2;2;0;0;2;2;2;3;1;0;0;2;1;2;2;2;0;0;2;1;3;3;0;0;0;0;2;2;2;2;0;0;2;1;2;2;1;0;0;2;1;2;2;2;0;0;2;1;2;2;;;;;;;;;;;;;;;;;;;;;;;;;;;;;;;;;;;;;;;;;;;;;;;;;;;;;;;;;;;;;;;;;;;;;;;;;;;;;;;;;;;;;;;;;;;;;;;;;;;;;;;;;;;;;;;;;;;;;;;;;;;;;;;;;;;;;;;;;;;;;;;;;;;;;;;;;;;;;;;;;;;;;;;;;;;;;;;;;;;;;;;;;;;;;;;;;;;;;;;;;;;;;;;;;;;;;;;;;;;;;;;;;;;;;;;;;;;;;;;;;;;;;
;Voice;06:00 - 15:00;SL;Sick Leave;;07:00 - 16:00;1;4;1;1;5;5;4;5;5;1;0;4;5;4;6;5;1;0;6;6;5;6;6;1;0;5;5;5;6;5;1;1;5;6;6;6;6;1;1;7;4;5;5;7;1;0;4;6;5;8;7;1;1;4;4;4;4;4;1;0;6;6;6;5;6;1;1;6;7;6;6;6;1;1;6;8;6;4;6;1;1;6;5;7;7;8;1;0;5;6;3;4;1;1;1;1;5;5;5;6;1;1;6;6;5;6;6;1;1;6;5;6;5;5;1;0;5;5;6;5;;;;;;;;;;;;;;;;;;;;;;;;;;;;;;;;;;;;;;;;;;;;;;;;;;;;;;;;;;;;;;;;;;;;;;;;;;;;;;;;;;;;;;;;;;;;;;;;;;;;;;;;;;;;;;;;;;;;;;;;;;;;;;;;;;;;;;;;;;;;;;;;;;;;;;;;;;;;;;;;;;;;;;;;;;;;;;;;;;;;;;;;;;;;;;;;;;;;;;;;;;;;;;;;;;;;;;;;;;;;;;;;;;;;;;;;;;;;;;;;;;;;;
;Booking Tool;07:00 - 16:00;CD;Compensation Day;;08:00 - 17:00;0;5;0;0;6;6;6;6;6;0;0;5;6;6;6;6;0;0;5;5;6;5;4;0;0;5;6;5;6;6;0;0;6;7;7;7;7;0;0;10;9;6;8;7;0;0;13;11;12;11;13;0;0;11;10;11;12;10;0;0;14;11;10;12;9;0;0;8;7;8;10;10;0;0;10;10;11;11;11;0;0;11;10;10;10;9;0;0;7;6;7;8;0;0;0;0;8;7;7;6;0;0;9;9;9;8;8;0;0;9;10;10;9;9;0;0;9;10;10;10;;;;;;;;;;;;;;;;;;;;;;;;;;;;;;;;;;;;;;;;;;;;;;;;;;;;;;;;;;;;;;;;;;;;;;;;;;;;;;;;;;;;;;;;;;;;;;;;;;;;;;;;;;;;;;;;;;;;;;;;;;;;;;;;;;;;;;;;;;;;;;;;;;;;;;;;;;;;;;;;;;;;;;;;;;;;;;;;;;;;;;;;;;;;;;;;;;;;;;;;;;;;;;;;;;;;;;;;;;;;;;;;;;;;;;;;;;;;;;;;;;;;;
;SME;08:00 - 17:00;AL;Annual Leave;;10:00 - 19:00;0;0;0;0;0;0;0;0;0;0;0;0;0;1;1;1;0;0;0;0;1;0;0;0;0;0;1;1;1;1;0;0;1;1;1;0;0;0;0;0;0;0;0;0;0;0;1;1;1;0;0;0;0;0;1;1;0;0;0;0;0;0;0;0;0;0;0;0;0;0;0;0;0;0;0;0;0;0;0;0;0;1;0;0;0;0;0;0;0;0;0;0;0;0;0;0;0;0;0;0;0;0;0;0;0;0;0;0;0;0;0;0;0;0;0;0;0;0;0;0;;;;;;;;;;;;;;;;;;;;;;;;;;;;;;;;;;;;;;;;;;;;;;;;;;;;;;;;;;;;;;;;;;;;;;;;;;;;;;;;;;;;;;;;;;;;;;;;;;;;;;;;;;;;;;;;;;;;;;;;;;;;;;;;;;;;;;;;;;;;;;;;;;;;;;;;;;;;;;;;;;;;;;;;;;;;;;;;;;;;;;;;;;;;;;;;;;;;;;;;;;;;;;;;;;;;;;;;;;;;;;;;;;;;;;;;;;;;;;;;;;;;;
;SSP;10:00 - 19:00;UL;Unauthorized/Unpaid Leave;;13:00 - 22:00;1;1;0;0;1;1;1;1;0;1;1;1;1;1;1;1;1;1;1;1;1;1;1;0;0;0;1;1;1;1;0;1;1;1;1;1;1;1;1;1;1;1;1;1;1;1;1;1;1;1;1;1;0;1;1;1;1;1;1;0;1;1;1;1;1;1;1;1;1;1;1;1;1;1;1;1;1;1;1;1;1;1;1;1;1;1;1;1;1;1;1;1;1;1;1;1;1;1;1;1;1;1;1;1;1;1;1;1;1;1;1;1;1;1;1;1;1;1;1;1;;;;;;;;;;;;;;;;;;;;;;;;;;;;;;;;;;;;;;;;;;;;;;;;;;;;;;;;;;;;;;;;;;;;;;;;;;;;;;;;;;;;;;;;;;;;;;;;;;;;;;;;;;;;;;;;;;;;;;;;;;;;;;;;;;;;;;;;;;;;;;;;;;;;;;;;;;;;;;;;;;;;;;;;;;;;;;;;;;;;;;;;;;;;;;;;;;;;;;;;;;;;;;;;;;;;;;;;;;;;;;;;;;;;;;;;;;;;;;;;;;;;;
;Bulk PWs;13:00 - 22:00;OL;Other Leave;;07:00 - 11:00                                         15:30 - 19:00;0;1;0;0;0;0;0;0;0;0;0;0;0;0;0;0;0;0;1;1;1;1;1;0;0;1;1;1;1;1;0;0;1;1;1;1;1;0;0;1;1;1;1;1;0;0;1;1;1;1;1;0;0;0;0;0;0;0;0;0;1;1;1;1;1;0;0;1;1;1;1;1;0;0;1;1;1;1;1;0;0;1;1;1;1;1;0;0;1;1;1;1;0;0;0;0;1;1;0;0;0;0;0;0;0;0;0;0;0;0;0;0;0;0;0;0;0;0;0;0;;;;;;;;;;;;;;;;;;;;;;;;;;;;;;;;;;;;;;;;;;;;;;;;;;;;;;;;;;;;;;;;;;;;;;;;;;;;;;;;;;;;;;;;;;;;;;;;;;;;;;;;;;;;;;;;;;;;;;;;;;;;;;;;;;;;;;;;;;;;;;;;;;;;;;;;;;;;;;;;;;;;;;;;;;;;;;;;;;;;;;;;;;;;;;;;;;;;;;;;;;;;;;;;;;;;;;;;;;;;;;;;;;;;;;;;;;;;;;;;;;;;;
;KM;07:00 - 11:00                     15:30 - 19:00;LPH;Local Public Holiday;;07:00 - 15:00;0;1;0;0;1;0;0;0;0;0;0;1;1;1;1;1;0;0;1;1;1;1;1;0;0;1;1;1;1;1;0;0;1;1;1;1;1;0;0;1;1;1;1;1;0;0;1;1;1;1;1;0;0;1;1;1;1;1;0;0;0;0;1;1;1;0;0;0;0;0;0;0;0;0;1;1;1;1;1;0;0;1;1;0;0;1;0;0;0;0;0;0;0;0;0;0;0;1;1;1;0;0;1;1;1;1;1;0;0;1;1;1;1;1;0;0;1;1;1;1;;;;;;;;;;;;;;;;;;;;;;;;;;;;;;;;;;;;;;;;;;;;;;;;;;;;;;;;;;;;;;;;;;;;;;;;;;;;;;;;;;;;;;;;;;;;;;;;;;;;;;;;;;;;;;;;;;;;;;;;;;;;;;;;;;;;;;;;;;;;;;;;;;;;;;;;;;;;;;;;;;;;;;;;;;;;;;;;;;;;;;;;;;;;;;;;;;;;;;;;;;;;;;;;;;;;;;;;;;;;;;;;;;;;;;;;;;;;;;;;;;;;;
;PM;22:00 - 07:00;PH;Public Holiday;;08:00 - 16:00;0;0;0;0;1;1;1;1;1;0;0;1;1;2;2;2;0;0;1;1;2;2;2;0;0;2;1;2;1;2;0;0;2;2;2;2;2;0;0;2;1;2;2;1;0;0;1;1;1;1;1;0;0;2;2;2;2;2;0;0;2;2;2;0;0;0;0;2;2;2;2;2;0;0;2;2;2;2;2;0;0;2;1;1;1;1;0;0;0;0;0;0;0;0;0;0;1;0;0;1;0;0;2;2;2;2;2;0;0;2;1;1;1;1;0;0;2;2;2;1;;;;;;;;;;;;;;;;;;;;;;;;;;;;;;;;;;;;;;;;;;;;;;;;;;;;;;;;;;;;;;;;;;;;;;;;;;;;;;;;;;;;;;;;;;;;;;;;;;;;;;;;;;;;;;;;;;;;;;;;;;;;;;;;;;;;;;;;;;;;;;;;;;;;;;;;;;;;;;;;;;;;;;;;;;;;;;;;;;;;;;;;;;;;;;;;;;;;;;;;;;;;;;;;;;;;;;;;;;;;;;;;;;;;;;;;;;;;;;;;;;;;;
;Dispatcher;08:00 - 12:00;OFF;Weekly day off;;22:00 - 07:00;1;1;1;1;1;1;1;1;1;1;1;1;1;1;1;1;0;0;0;0;0;1;1;1;1;1;1;1;1;1;1;1;0;0;0;0;0;1;1;1;1;1;1;1;1;1;1;1;1;1;1;1;1;0;0;0;0;1;1;1;1;1;1;1;1;1;1;1;1;1;1;1;1;1;1;1;1;1;1;1;1;1;1;1;1;1;1;1;1;1;1;1;1;1;1;1;1;1;1;1;1;1;1;1;1;1;1;1;1;1;1;1;1;1;1;1;1;1;1;1;;;;;;;;;;;;;;;;;;;;;;;;;;;;;;;;;;;;;;;;;;;;;;;;;;;;;;;;;;;;;;;;;;;;;;;;;;;;;;;;;;;;;;;;;;;;;;;;;;;;;;;;;;;;;;;;;;;;;;;;;;;;;;;;;;;;;;;;;;;;;;;;;;;;;;;;;;;;;;;;;;;;;;;;;;;;;;;;;;;;;;;;;;;;;;;;;;;;;;;;;;;;;;;;;;;;;;;;;;;;;;;;;;;;;;;;;;;;;;;;;;;;;
;Trainer;08:00 - 13:00;OFFWE;Weekend day off;;Total;3;14;2;2;17;15;14;15;14;3;2;14;17;18;20;18;2;1;17;16;18;19;17;2;1;16;18;18;19;20;2;3;19;21;21;20;20;3;3;25;20;19;20;20;3;2;24;24;24;25;26;3;2;21;21;23;22;21;3;1;27;23;24;23;21;3;3;20;20;21;23;23;3;3;24;26;25;24;24;3;3;26;21;23;23;24;3;2;17;16;16;18;3;3;3;3;19;18;17;18;3;3;22;21;21;21;20;3;3;22;20;22;20;20;3;2;21;21;23;21;;;;;;;;;;;;;;;;;;;;;;;;;;;;;;;;;;;;;;;;;;;;;;;;;;;;;;;;;;;;;;;;;;;;;;;;;;;;;;;;;;;;;;;;;;;;;;;;;;;;;;;;;;;;;;;;;;;;;;;;;;;;;;;;;;;;;;;;;;;;;;;;;;;;;;;;;;;;;;;;;;;;;;;;;;;;;;;;;;;;;;;;;;;;;;;;;;;;;;;;;;;;;;;;;;;;;;;;;;;;;;;;;;;;;;;;;;;;;;;;;;;;;
;VWIC;08:00 - 14:00;HAL *;Second half of the day AL;;;;;;;;;;;;;;;;;;;;;;;;;;;;;;;;;;;;;;;;;;;;;;;;;;;;;;;;;;;;;;;;;;;;;;;;;;;;;;;;;;;;;;;;;;;;;;;;;;;;;;;;;;;;;;;;;;;;;;;;;;;;;;;;;;;;;;;;;;;;;;;;;;;;;;;;;;;;;;;;;;;;;;;;;;;;;;;;;;;;;;;;;;;;;;;;;;;;;;;;;;;;;;;;;;;;;;;;;;;;;;;;;;;;;;;;;;;;;;;;;;;;;;;;;;;;;;;;;;;;;;;;;;;;;;;;;;;;;;;;;;;;;;;;;;;;;;;;;;;;;;;;;;;;;;;;;;;;;;;;;;;;;;;;;;;;;;;;;;;;;;;;;;;;;;;;;;;;;;;;;;;;;;;
;WIC;09:00 - 15:00;* HAL ;First half of the day AL;;;;;;;;;;;;;;;;;;;;;;;;;;;;;;;;;;;;;;;;;;;;;;;;;;;;;;;;;;;;;;;;;;;;;;;;;;;;;;;;;;;;;;;;;;;;;;;;;;;;;;;;;;;;;;;;;;;;;;;;;;;;;;;;;;;;;;;;;;;;;;;;;;;;;;;;;;;;;;;;;;;;;;;;;;;;;;;;;;;;;;;;;;;;;;;;;;;;;;;;;;;;;;;;;;;;;;;;;;;;;;;;;;;;;;;;;;;;;;;;;;;;;;;;;;;;;;;;;;;;;;;;;;;;;;;;;;;;;;;;;;;;;;;;;;;;;;;;;;;;;;;;;;;;;;;;;;;;;;;;;;;;;;;;;;;;;;;;;;;;;;;;;;;;;;;;;;;;;;;;;;;;;;;
;Chat;13:00 - 17:00;HCD *;Second half of the day CD;;;;;;;;;;;;;;;;;;;;;;;;;;;;;;;;;;;;;;;;;;;;;;;;;;;;;;;;;;;;;;;;;;;;;;;;;;;;;;;;;;;;;;;;;;;;;;;;;;;;;;;;;;;;;;;;;;;;;;;;;;;;;;;;;;;;;;;;;;;;;;;;;;;;;;;;;;;;;;;;;;;;;;;;;;;;;;;;;;;;;;;;;;;;;;;;;;;;;;;;;;;;;;;;;;;;;;;;;;;;;;;;;;;;;;;;;;;;;;;;;;;;;;;;;;;;;;;;;;;;;;;;;;;;;;;;;;;;;;;;;;;;;;;;;;;;;;;;;;;;;;;;;;;;;;;;;;;;;;;;;;;;;;;;;;;;;;;;;;;;;;;;;;;;;;;;;;;;;;;;;;;;;;;
;Translation calls;08:30 - 14:00;* HCD;First half of the day CD;;Voice Part-Time Time/Students;;;;;;;;;;;;;;;;;;;;;;;;;;;;;;;;;;;;;;;;;;;;;;;;;;;;;;;;;;;;;;;;;;;;;;;;;;;;;;;;;;;;;;;;;;;;;;;;;;;;;;;;;;;;;;;;;;;;;;;;;;;;;;;;;;;;;;;;;;;;;;;;;;;;;;;;;;;;;;;;;;;;;;;;;;;;;;;;;;;;;;;;;;;;;;;;;;;;;;;;;;;;;;;;;;;;;;;;;;;;;;;;;;;;;;;;;;;;;;;;;;;;;;;;;;;;;;;;;;;;;;;;;;;;;;;;;;;;;;;;;;;;;;;;;;;;;;;;;;;;;;;;;;;;;;;;;;;;;;;;;;;;;;;;;;;;;;;;;;;;;;;;;;;;;;;;;;;;;;;;;;;;;
;Backoffice;07:00 - 15:00;HSL *;Second half of the day SL;;08:00 - 12:00;0;0;0;0;1;0;0;0;0;0;0;1;0;0;0;0;0;0;1;0;0;0;0;0;0;0;0;0;0;0;0;0;1;0;0;0;0;0;0;1;0;0;0;0;0;0;1;0;0;0;0;0;0;1;0;1;0;0;0;0;1;0;1;0;0;0;0;0;0;0;0;0;0;0;0;0;0;1;0;0;0;1;0;1;0;0;0;0;1;0;1;0;0;0;0;0;0;1;0;0;0;0;1;0;1;0;0;0;0;1;0;1;0;0;0;0;1;0;1;0;;;;;;;;;;;;;;;;;;;;;;;;;;;;;;;;;;;;;;;;;;;;;;;;;;;;;;;;;;;;;;;;;;;;;;;;;;;;;;;;;;;;;;;;;;;;;;;;;;;;;;;;;;;;;;;;;;;;;;;;;;;;;;;;;;;;;;;;;;;;;;;;;;;;;;;;;;;;;;;;;;;;;;;;;;;;;;;;;;;;;;;;;;;;;;;;;;;;;;;;;;;;;;;;;;;;;;;;;;;;;;;;;;;;;;;;;;;;;;;;;;;;;
;;08:00 - 16:00;* HSL;First half of the day SL;;08:00 - 13:00;0;2;0;0;1;2;1;1;2;0;0;1;2;1;1;2;0;0;1;2;1;1;2;0;0;1;2;1;1;2;0;0;1;2;1;1;2;0;0;1;2;1;1;2;0;0;1;2;1;1;2;0;0;1;2;1;1;2;0;0;1;2;1;1;1;0;0;1;1;1;1;1;0;0;1;1;1;1;1;0;0;1;1;1;1;1;0;0;1;1;1;1;0;0;0;0;1;1;1;1;0;0;1;1;1;1;1;0;0;1;2;1;1;2;0;0;1;2;1;1;;;;;;;;;;;;;;;;;;;;;;;;;;;;;;;;;;;;;;;;;;;;;;;;;;;;;;;;;;;;;;;;;;;;;;;;;;;;;;;;;;;;;;;;;;;;;;;;;;;;;;;;;;;;;;;;;;;;;;;;;;;;;;;;;;;;;;;;;;;;;;;;;;;;;;;;;;;;;;;;;;;;;;;;;;;;;;;;;;;;;;;;;;;;;;;;;;;;;;;;;;;;;;;;;;;;;;;;;;;;;;;;;;;;;;;;;;;;;;;;;;;;;
;;07:00 - 13:00;Settings;System issue;;08:00 - 14:00;0;0;0;0;1;1;0;1;1;0;0;2;2;1;2;1;0;0;2;2;2;2;2;0;0;1;2;2;1;0;0;0;2;1;1;2;1;0;0;1;1;1;2;1;0;0;2;2;1;2;1;0;0;2;2;1;2;1;0;0;1;1;1;1;1;0;0;2;2;1;0;1;0;0;1;1;1;1;1;0;0;1;1;1;3;1;0;0;1;1;1;1;0;0;0;0;1;2;2;2;0;0;1;2;0;1;1;0;0;1;1;2;1;0;0;0;1;1;2;1;;;;;;;;;;;;;;;;;;;;;;;;;;;;;;;;;;;;;;;;;;;;;;;;;;;;;;;;;;;;;;;;;;;;;;;;;;;;;;;;;;;;;;;;;;;;;;;;;;;;;;;;;;;;;;;;;;;;;;;;;;;;;;;;;;;;;;;;;;;;;;;;;;;;;;;;;;;;;;;;;;;;;;;;;;;;;;;;;;;;;;;;;;;;;;;;;;;;;;;;;;;;;;;;;;;;;;;;;;;;;;;;;;;;;;;;;;;;;;;;;;;;;
;;11:00 - 17:00;;;;09:00 - 15:00;0;1;0;0;1;1;1;1;1;0;0;1;1;1;1;1;0;0;1;1;1;0;0;0;0;1;0;0;0;0;0;0;0;0;0;0;0;0;0;0;0;0;0;0;0;0;0;0;0;0;0;0;0;0;0;0;0;0;0;0;1;1;1;1;1;0;0;0;0;1;2;1;0;0;1;1;1;1;1;0;0;1;1;1;1;1;0;0;1;1;1;1;0;0;0;0;1;1;1;1;0;0;1;1;0;0;0;0;0;1;1;1;1;1;0;0;1;1;1;1;;;;;;;;;;;;;;;;;;;;;;;;;;;;;;;;;;;;;;;;;;;;;;;;;;;;;;;;;;;;;;;;;;;;;;;;;;;;;;;;;;;;;;;;;;;;;;;;;;;;;;;;;;;;;;;;;;;;;;;;;;;;;;;;;;;;;;;;;;;;;;;;;;;;;;;;;;;;;;;;;;;;;;;;;;;;;;;;;;;;;;;;;;;;;;;;;;;;;;;;;;;;;;;;;;;;;;;;;;;;;;;;;;;;;;;;;;;;;;;;;;;;;
;;10:00 - 17:00;;;;13:00 - 17:00;0;0;0;0;1;0;0;0;0;0;0;1;0;0;0;0;0;0;1;0;0;0;0;0;0;1;0;0;0;0;0;0;1;0;0;0;0;0;0;1;0;0;0;0;0;0;1;0;0;0;0;0;0;1;0;0;0;0;0;0;0;0;0;0;0;0;0;0;0;0;0;0;0;0;0;0;0;0;0;0;0;0;0;0;0;0;0;0;0;0;0;0;0;0;0;0;0;0;0;0;0;0;0;0;0;0;1;0;0;1;0;0;0;1;0;0;1;0;0;0;;;;;;;;;;;;;;;;;;;;;;;;;;;;;;;;;;;;;;;;;;;;;;;;;;;;;;;;;;;;;;;;;;;;;;;;;;;;;;;;;;;;;;;;;;;;;;;;;;;;;;;;;;;;;;;;;;;;;;;;;;;;;;;;;;;;;;;;;;;;;;;;;;;;;;;;;;;;;;;;;;;;;;;;;;;;;;;;;;;;;;;;;;;;;;;;;;;;;;;;;;;;;;;;;;;;;;;;;;;;;;;;;;;;;;;;;;;;;;;;;;;;;
;;07:00 - 11:00;;;;08:30 - 14:00;0;0;0;0;1;1;1;1;1;0;0;1;1;1;1;1;0;0;1;1;1;1;1;0;0;1;1;1;1;1;0;0;1;1;1;1;1;0;0;1;1;1;1;1;0;0;0;0;0;1;1;0;0;1;1;1;1;1;0;0;1;1;1;1;1;0;0;1;1;1;1;1;0;0;1;1;1;1;1;0;0;0;1;1;1;1;0;0;1;1;0;0;0;0;0;0;0;0;0;0;0;0;1;1;1;1;1;0;0;1;1;1;1;0;0;0;1;1;1;1;;;;;;;;;;;;;;;;;;;;;;;;;;;;;;;;;;;;;;;;;;;;;;;;;;;;;;;;;;;;;;;;;;;;;;;;;;;;;;;;;;;;;;;;;;;;;;;;;;;;;;;;;;;;;;;;;;;;;;;;;;;;;;;;;;;;;;;;;;;;;;;;;;;;;;;;;;;;;;;;;;;;;;;;;;;;;;;;;;;;;;;;;;;;;;;;;;;;;;;;;;;;;;;;;;;;;;;;;;;;;;;;;;;;;;;;;;;;;;;;;;;;;
;;15:00 - 17:00;;;;07:00 - 13:00;0;0;0;0;0;0;0;0;0;0;0;0;1;1;2;0;0;0;1;0;0;2;0;0;0;1;0;1;2;0;0;0;0;0;1;1;0;0;0;1;0;0;0;0;0;0;0;0;1;2;0;0;0;1;0;0;2;1;0;0;1;0;1;2;0;0;0;1;0;1;1;1;0;0;0;0;1;0;1;0;0;1;0;1;0;0;0;0;1;0;1;2;0;0;0;0;0;0;1;0;0;0;1;0;0;1;0;0;0;1;0;1;2;0;0;0;1;0;1;2;;;;;;;;;;;;;;;;;;;;;;;;;;;;;;;;;;;;;;;;;;;;;;;;;;;;;;;;;;;;;;;;;;;;;;;;;;;;;;;;;;;;;;;;;;;;;;;;;;;;;;;;;;;;;;;;;;;;;;;;;;;;;;;;;;;;;;;;;;;;;;;;;;;;;;;;;;;;;;;;;;;;;;;;;;;;;;;;;;;;;;;;;;;;;;;;;;;;;;;;;;;;;;;;;;;;;;;;;;;;;;;;;;;;;;;;;;;;;;;;;;;;;
;;08:00 - 10:00                    15:00 - 17:00;;;;11:00 - 17:00;0;0;0;0;1;0;1;1;0;0;0;0;0;1;1;0;0;0;0;0;1;1;0;0;0;0;0;1;1;0;0;0;0;0;1;1;0;0;0;0;0;0;0;0;0;0;0;0;0;1;0;0;0;0;0;0;0;0;0;0;0;0;0;0;0;0;0;0;0;0;0;0;0;0;0;0;0;0;0;0;0;0;0;0;0;0;0;0;0;0;0;0;0;0;0;0;0;0;0;0;0;0;0;0;0;0;0;0;0;0;0;0;0;0;0;0;0;0;0;0;;;;;;;;;;;;;;;;;;;;;;;;;;;;;;;;;;;;;;;;;;;;;;;;;;;;;;;;;;;;;;;;;;;;;;;;;;;;;;;;;;;;;;;;;;;;;;;;;;;;;;;;;;;;;;;;;;;;;;;;;;;;;;;;;;;;;;;;;;;;;;;;;;;;;;;;;;;;;;;;;;;;;;;;;;;;;;;;;;;;;;;;;;;;;;;;;;;;;;;;;;;;;;;;;;;;;;;;;;;;;;;;;;;;;;;;;;;;;;;;;;;;;
;;08:00 - 10:00                      16:00 - 17:00;;;;10:00 - 17:00;0;0;0;0;0;0;0;1;0;0;0;0;0;1;1;0;0;0;0;0;0;1;0;0;0;0;0;0;1;0;0;0;0;0;0;1;0;0;0;0;0;0;0;0;0;0;0;0;0;1;0;0;0;0;1;0;1;0;0;0;0;0;1;1;0;0;0;0;0;0;0;0;0;0;0;0;0;1;0;0;0;0;0;0;1;0;0;0;0;0;0;1;0;0;0;0;0;0;1;0;0;0;0;0;0;0;0;0;0;0;0;0;1;0;0;0;0;0;0;1;;;;;;;;;;;;;;;;;;;;;;;;;;;;;;;;;;;;;;;;;;;;;;;;;;;;;;;;;;;;;;;;;;;;;;;;;;;;;;;;;;;;;;;;;;;;;;;;;;;;;;;;;;;;;;;;;;;;;;;;;;;;;;;;;;;;;;;;;;;;;;;;;;;;;;;;;;;;;;;;;;;;;;;;;;;;;;;;;;;;;;;;;;;;;;;;;;;;;;;;;;;;;;;;;;;;;;;;;;;;;;;;;;;;;;;;;;;;;;;;;;;;;
;;09:00 - 17:00;;;;15:00 - 17:00;0;0;0;0;0;0;1;1;0;0;0;0;0;1;1;1;0;0;0;0;1;1;0;0;0;0;0;1;1;1;0;0;0;0;1;1;1;0;0;0;0;1;1;0;0;0;0;0;1;1;0;0;0;1;0;1;1;0;0;0;0;0;0;1;0;0;0;0;0;0;0;0;0;0;0;0;0;0;0;0;0;0;0;0;0;0;0;0;0;0;0;0;0;0;0;0;0;0;0;0;0;0;1;0;1;1;0;0;0;1;0;1;0;0;0;0;0;0;0;0;;;;;;;;;;;;;;;;;;;;;;;;;;;;;;;;;;;;;;;;;;;;;;;;;;;;;;;;;;;;;;;;;;;;;;;;;;;;;;;;;;;;;;;;;;;;;;;;;;;;;;;;;;;;;;;;;;;;;;;;;;;;;;;;;;;;;;;;;;;;;;;;;;;;;;;;;;;;;;;;;;;;;;;;;;;;;;;;;;;;;;;;;;;;;;;;;;;;;;;;;;;;;;;;;;;;;;;;;;;;;;;;;;;;;;;;;;;;;;;;;;;;;
;;11:00 - 15:00;;;;08:00 - 10:00                                           15:00 - 17:00;0;0;0;0;0;0;0;0;0;0;0;1;0;0;0;0;0;0;1;0;0;0;0;0;0;1;0;0;0;0;0;0;1;0;0;0;0;0;0;1;0;0;0;0;0;0;0;0;0;0;0;0;0;0;0;0;0;0;0;0;0;0;0;0;0;0;0;0;0;0;0;0;0;0;0;0;0;0;0;0;0;0;0;0;0;0;0;0;0;0;0;0;0;0;0;0;0;0;0;0;0;0;0;1;0;0;0;0;0;0;1;0;0;0;0;0;0;0;0;0;;;;;;;;;;;;;;;;;;;;;;;;;;;;;;;;;;;;;;;;;;;;;;;;;;;;;;;;;;;;;;;;;;;;;;;;;;;;;;;;;;;;;;;;;;;;;;;;;;;;;;;;;;;;;;;;;;;;;;;;;;;;;;;;;;;;;;;;;;;;;;;;;;;;;;;;;;;;;;;;;;;;;;;;;;;;;;;;;;;;;;;;;;;;;;;;;;;;;;;;;;;;;;;;;;;;;;;;;;;;;;;;;;;;;;;;;;;;;;;;;;;;;
;;WIC                                       08:00 - 17:00;;;;08:00 - 10:00                                       16:00 - 17:00;0;0;0;0;0;0;0;0;0;0;0;0;1;0;0;0;0;0;0;1;0;0;0;0;0;0;1;0;0;0;0;0;0;1;0;0;0;0;0;0;0;0;0;0;0;0;0;0;0;0;0;0;0;0;0;0;0;0;0;0;0;0;0;0;0;0;0;0;0;0;0;0;0;0;0;0;0;0;0;0;0;0;0;0;0;0;0;0;0;0;0;0;0;0;0;0;0;0;0;0;0;0;0;0;0;0;0;0;0;0;0;0;0;0;0;0;0;0;0;0;;;;;;;;;;;;;;;;;;;;;;;;;;;;;;;;;;;;;;;;;;;;;;;;;;;;;;;;;;;;;;;;;;;;;;;;;;;;;;;;;;;;;;;;;;;;;;;;;;;;;;;;;;;;;;;;;;;;;;;;;;;;;;;;;;;;;;;;;;;;;;;;;;;;;;;;;;;;;;;;;;;;;;;;;;;;;;;;;;;;;;;;;;;;;;;;;;;;;;;;;;;;;;;;;;;;;;;;;;;;;;;;;;;;;;;;;;;;;;;;;;;;;
;;;;;;09:00 - 17:00;0;0;0;0;0;0;0;0;0;0;0;0;0;0;0;0;0;0;0;0;0;0;1;0;0;0;0;0;0;0;0;0;0;0;0;0;0;0;0;0;0;0;0;0;0;0;0;0;0;0;0;0;0;0;0;0;0;0;0;0;0;0;0;0;0;0;0;0;0;0;0;0;0;0;0;0;0;0;0;0;0;0;0;0;0;0;0;0;0;0;0;0;0;0;0;0;0;0;0;0;0;0;0;0;0;0;0;0;0;0;0;0;0;0;0;0;0;0;0;0;;;;;;;;;;;;;;;;;;;;;;;;;;;;;;;;;;;;;;;;;;;;;;;;;;;;;;;;;;;;;;;;;;;;;;;;;;;;;;;;;;;;;;;;;;;;;;;;;;;;;;;;;;;;;;;;;;;;;;;;;;;;;;;;;;;;;;;;;;;;;;;;;;;;;;;;;;;;;;;;;;;;;;;;;;;;;;;;;;;;;;;;;;;;;;;;;;;;;;;;;;;;;;;;;;;;;;;;;;;;;;;;;;;;;;;;;;;;;;;;;;;;;
;;;;;;11:00 - 15:00;0;0;0;0;0;0;0;0;0;0;0;1;0;0;0;0;0;0;1;0;0;0;0;0;0;1;0;0;0;0;0;0;1;0;0;0;0;0;0;1;0;0;0;0;0;0;1;0;0;0;0;0;0;1;0;0;0;0;0;0;1;0;0;0;0;0;0;1;0;0;0;0;0;0;0;0;0;0;0;0;0;0;0;0;0;0;0;0;0;0;0;0;0;0;0;0;0;0;0;0;0;0;0;0;0;0;0;0;0;0;0;0;0;0;0;0;0;0;0;0;;;;;;;;;;;;;;;;;;;;;;;;;;;;;;;;;;;;;;;;;;;;;;;;;;;;;;;;;;;;;;;;;;;;;;;;;;;;;;;;;;;;;;;;;;;;;;;;;;;;;;;;;;;;;;;;;;;;;;;;;;;;;;;;;;;;;;;;;;;;;;;;;;;;;;;;;;;;;;;;;;;;;;;;;;;;;;;;;;;;;;;;;;;;;;;;;;;;;;;;;;;;;;;;;;;;;;;;;;;;;;;;;;;;;;;;;;;;;;;;;;;;;
;;;;;;Total;0;3;0;0;7;5;5;7;5;0;0;9;8;8;10;6;0;0;10;7;7;9;6;0;0;8;6;7;8;4;0;0;8;5;6;8;5;0;0;8;4;4;5;4;0;0;6;4;4;9;4;0;0;9;6;5;8;5;0;0;7;5;7;8;4;0;0;6;4;5;5;5;0;0;4;4;5;6;5;0;0;5;4;6;7;4;0;0;6;4;5;6;0;0;0;0;3;5;6;4;0;0;7;6;4;5;4;0;0;8;6;8;7;4;0;0;7;5;7;7;;;;;;;;;;;;;;;;;;;;;;;;;;;;;;;;;;;;;;;;;;;;;;;;;;;;;;;;;;;;;;;;;;;;;;;;;;;;;;;;;;;;;;;;;;;;;;;;;;;;;;;;;;;;;;;;;;;;;;;;;;;;;;;;;;;;;;;;;;;;;;;;;;;;;;;;;;;;;;;;;;;;;;;;;;;;;;;;;;;;;;;;;;;;;;;;;;;;;;;;;;;;;;;;;;;;;;;;;;;;;;;;;;;;;;;;;;;;;;;;;;;;;
;;;;;;;;;;;;;;;;;;;;;;;;;;;;;;;;;;;;;;;;;;;;;;;;;;;;;;;;;;;;;;;;;;;;;;;;;;;;;;;;;;;;;;;;;;;;;;;;;;;;;;;;;;;;;;;;;;;;;;;;;;;;;;;;;;;;;;;;;;;;;;;;;;;;;;;;;;;;;;;;;;;;;;;;;;;;;;;;;;;;;;;;;;;;;;;;;;;;;;;;;;;;;;;;;;;;;;;;;;;;;;;;;;;;;;;;;;;;;;;;;;;;;;;;;;;;;;;;;;;;;;;;;;;;;;;;;;;;;;;;;;;;;;;;;;;;;;;;;;;;;;;;;;;;;;;;;;;;;;;;;;;;;;;;;;;;;;;;;;;;;;;;;;;;;;;;;;;;;;;;;;;;;;;;;;;
;;;;;;;;;;;;;;;;;;;;;;;;;;;;;;;;;;;;;;;;;;;;;;;;;;;;;;;;;;;;;;;;;;;;;;;;;;;;;;;;;;;;;;;;;;;;;;;;;;;;;;;;;;;;;;;;;;;;;;;;;;;;;;;;;;;;;;;;;;;;;;;;;;;;;;;;;;;;;;;;;;;;;;;;;;;;;;;;;;;;;;;;;;;;;;;;;;;;;;;;;;;;;;;;;;;;;;;;;;;;;;;;;;;;;;;;;;;;;;;;;;;;;;;;;;;;;;;;;;;;;;;;;;;;;;;;;;;;;;;;;;;;;;;;;;;;;;;;;;;;;;;;;;;;;;;;;;;;;;;;;;;;;;;;;;;;;;;;;;;;;;;;;;;;;;;;;;;;;;;;;;;;;;;;;;;
;;;;;;;;;;;;;;;;;;;;;;;;;;;;;;;;;;;;;;;;;;;;;;;;;;;;;;;;;;;;;;;;;;;;;;;;;;;;;;;;;;;;;;;;;;;;;;;;;;;;;;;;;;;;;;;;;;;;;;;;;;;;;;;;;;;;;;;;;;;;;;;;;;;;;;;;;;;;;;;;;;;;;;;;;;;;;;;;;;;;;;;;;;;;;;;;;;;;;;;;;;;;;;;;;;;;;;;;;;;;;;;;;;;;;;;;;;;;;;;;;;;;;;;;;;;;;;;;;;;;;;;;;;;;;;;;;;;;;;;;;;;;;;;;;;;;;;;;;;;;;;;;;;;;;;;;;;;;;;;;;;;;;;;;;;;;;;;;;;;;;;;;;;;;;;;;;;;;;;;;;;;;;;;;;;;
;;;;;;AL;0;10;0;0;2;2;2;1;1;0;0;2;1;2;2;3;0;0;5;4;5;5;5;0;0;4;3;3;2;2;0;0;2;2;0;0;2;0;0;1;3;3;2;1;0;0;3;3;3;0;0;0;0;4;4;3;3;3;0;0;1;2;0;2;1;0;0;4;4;4;6;7;0;0;2;1;1;1;0;0;0;4;4;2;3;3;0;0;9;10;9;11;0;0;0;0;10;8;8;7;0;0;5;5;5;6;6;0;0;5;4;3;4;5;0;0;6;3;5;4;;;;;;;;;;;;;;;;;;;;;;;;;;;;;;;;;;;;;;;;;;;;;;;;;;;;;;;;;;;;;;;;;;;;;;;;;;;;;;;;;;;;;;;;;;;;;;;;;;;;;;;;;;;;;;;;;;;;;;;;;;;;;;;;;;;;;;;;;;;;;;;;;;;;;;;;;;;;;;;;;;;;;;;;;;;;;;;;;;;;;;;;;;;;;;;;;;;;;;;;;;;;;;;;;;;;;;;;;;;;;;;;;;;;;;;;;;;;;;;;;;;;;
;;;;;;SL;2;3;2;2;6;8;11;9;8;2;2;7;6;5;3;4;1;1;3;5;3;2;3;0;0;3;3;5;4;5;2;2;4;2;3;5;4;3;3;7;10;12;11;10;3;3;6;8;8;7;8;3;3;6;7;6;7;10;1;1;5;7;8;8;11;4;4;8;8;9;8;7;4;4;8;8;7;9;10;3;3;7;7;7;6;7;2;2;3;4;5;5;2;2;2;2;7;8;8;7;0;0;5;6;7;6;6;0;0;2;3;4;4;6;0;0;3;4;3;4;;;;;;;;;;;;;;;;;;;;;;;;;;;;;;;;;;;;;;;;;;;;;;;;;;;;;;;;;;;;;;;;;;;;;;;;;;;;;;;;;;;;;;;;;;;;;;;;;;;;;;;;;;;;;;;;;;;;;;;;;;;;;;;;;;;;;;;;;;;;;;;;;;;;;;;;;;;;;;;;;;;;;;;;;;;;;;;;;;;;;;;;;;;;;;;;;;;;;;;;;;;;;;;;;;;;;;;;;;;;;;;;;;;;;;;;;;;;;;;;;;;;;
;;;;;;UL;0;0;0;0;0;0;1;0;1;0;0;0;0;0;0;0;0;0;0;0;0;0;0;0;0;0;0;1;1;0;0;0;0;0;0;0;0;0;0;1;1;2;2;2;0;0;0;0;0;0;0;0;0;1;0;0;0;0;0;0;0;0;0;0;0;0;0;0;2;1;0;0;0;0;0;0;0;0;0;0;0;0;1;0;0;0;0;0;0;0;0;0;0;0;0;0;0;0;0;0;0;0;0;0;0;0;0;0;0;0;0;0;0;0;0;0;0;0;0;0;;;;;;;;;;;;;;;;;;;;;;;;;;;;;;;;;;;;;;;;;;;;;;;;;;;;;;;;;;;;;;;;;;;;;;;;;;;;;;;;;;;;;;;;;;;;;;;;;;;;;;;;;;;;;;;;;;;;;;;;;;;;;;;;;;;;;;;;;;;;;;;;;;;;;;;;;;;;;;;;;;;;;;;;;;;;;;;;;;;;;;;;;;;;;;;;;;;;;;;;;;;;;;;;;;;;;;;;;;;;;;;;;;;;;;;;;;;;;;;;;;;;;
;;;;;;OFF;0;8;0;0;4;4;5;5;8;0;0;5;6;6;4;9;0;0;5;6;6;4;6;0;0;6;6;4;6;9;0;0;5;5;6;6;10;0;0;5;6;6;6;8;0;0;5;6;7;5;8;0;0;6;6;6;6;9;0;0;5;8;5;6;7;0;0;6;7;6;7;9;0;0;8;6;4;5;8;0;0;6;7;3;6;8;0;0;7;5;4;6;0;0;0;0;5;4;6;8;0;0;5;6;6;4;8;0;0;4;9;5;8;8;0;0;6;7;4;6;;;;;;;;;;;;;;;;;;;;;;;;;;;;;;;;;;;;;;;;;;;;;;;;;;;;;;;;;;;;;;;;;;;;;;;;;;;;;;;;;;;;;;;;;;;;;;;;;;;;;;;;;;;;;;;;;;;;;;;;;;;;;;;;;;;;;;;;;;;;;;;;;;;;;;;;;;;;;;;;;;;;;;;;;;;;;;;;;;;;;;;;;;;;;;;;;;;;;;;;;;;;;;;;;;;;;;;;;;;;;;;;;;;;;;;;;;;;;;;;;;;;;
;;;;;;OL;0;0;0;0;0;0;0;0;0;0;0;0;0;0;0;0;0;0;0;0;0;0;0;0;0;0;0;0;0;0;0;0;0;0;0;0;0;0;0;0;0;0;0;0;0;0;0;0;0;0;0;0;0;0;0;0;0;0;0;0;0;0;0;0;0;0;0;0;0;0;0;0;0;0;0;0;0;1;1;0;0;1;0;1;1;1;0;0;1;1;1;1;0;0;0;0;1;1;1;1;0;0;1;1;1;1;1;0;0;1;1;1;1;1;0;0;1;1;1;1;;;;;;;;;;;;;;;;;;;;;;;;;;;;;;;;;;;;;;;;;;;;;;;;;;;;;;;;;;;;;;;;;;;;;;;;;;;;;;;;;;;;;;;;;;;;;;;;;;;;;;;;;;;;;;;;;;;;;;;;;;;;;;;;;;;;;;;;;;;;;;;;;;;;;;;;;;;;;;;;;;;;;;;;;;;;;;;;;;;;;;;;;;;;;;;;;;;;;;;;;;;;;;;;;;;;;;;;;;;;;;;;;;;;;;;;;;;;;;;;;;;;;
;;;;;;;;;;;;;;;;;;;;;;;;;;;;;;;;;;;;;;;;;;;;;;;;;;;;;;;;;;;;;;;;;;;;;;;;;;;;;;;;;;;;;;;;;;;;;;;;;;;;;;;;;;;;;;;;;;;;;;;;;;;;;;;;;;;;;;;;;;;;;;;;;;;;;;;;;;;;;;;;;;;;;;;;;;;;;;;;;;;;;;;;;;;;;;;;;;;;;;;;;;;;;;;;;;;;;;;;;;;;;;;;;;;;;;;;;;;;;;;;;;;;;;;;;;;;;;;;;;;;;;;;;;;;;;;;;;;;;;;;;;;;;;;;;;;;;;;;;;;;;;;;;;;;;;;;;;;;;;;;;;;;;;;;;;;;;;;;;;;;;;;;;;;;;;;;;;;;;;;;;;;;;;;;;;;
;;;;;;;;;;;;;;;;;;;;;;;;;;;;;;;;;;;;;;;;;;;;;;;;;;;;;;;;;;;;;;;;;;;;;;;;;;;;;;;;;;;;;;;;;;;;;;;;;;;;;;;;;;;;;;;;;;;;;;;;;;;;;;;;;;;;;;;;;;;;;;;;;;;;;;;;;;;;;;;;;;;;;;;;;;;;;;;;;;;;;;;;;;;;;;;;;;;;;;;;;;;;;;;;;;;;;;;;;;;;;;;;;;;;;;;;;;;;;;;;;;;;;;;;;;;;;;;;;;;;;;;;;;;;;;;;;;;;;;;;;;;;;;;;;;;;;;;;;;;;;;;;;;;;;;;;;;;;;;;;;;;;;;;;;;;;;;;;;;;;;;;;;;;;;;;;;;;;;;;;;;;;;;;;;;;
;;;;;;;;;;;;;;;;;;;;;;;;;;;;;;;;;;;;;;;;;;;;;;;;;;;;;;;;;;;;;;;;;;;;;;;;;;;;;;;;;;;;;;;;;;;;;;;;;;;;;;;;;;;;;;;;;;;;;;;;;;;;;;;;;;;;;;;;;;;;;;;;;;;;;;;;;;;;;;;;;;;;;;;;;;;;;;;;;;;;;;;;;;;;;;;;;;;;;;;;;;;;;;;;;;;;;;;;;;;;;;;;;;;;;;;;;;;;;;;;;;;;;;;;;;;;;;;;;;;;;;;;;;;;;;;;;;;;;;;;;;;;;;;;;;;;;;;;;;;;;;;;;;;;;;;;;;;;;;;;;;;;;;;;;;;;;;;;;;;;;;;;;;;;;;;;;;;;;;;;;;;;;;;;;;;
;;;;;;;;;;;;;;;;;;;;;;;;;;;;;;;;;;;;;;;;;;;;;;;;;;;;;;;;;;;;;;;;;;;;;;;;;;;;;;;;;;;;;;;;;;;;;;;;;;;;;;;;;;;;;;;;;;;;;;;;;;;;;;;;;;;;;;;;;;;;;;;;;;;;;;;;;;;;;;;;;;;;;;;;;;;;;;;;;;;;;;;;;;;;;;;;;;;;;;;;;;;;;;;;;;;;;;;;;;;;;;;;;;;;;;;;;;;;;;;;;;;;;;;;;;;;;;;;;;;;;;;;;;;;;;;;;;;;;;;;;;;;;;;;;;;;;;;;;;;;;;;;;;;;;;;;;;;;;;;;;;;;;;;;;;;;;;;;;;;;;;;;;;;;;;;;;;;;;;;;;;;;;;;;;;;
;;;;;;;;;;;;;;;;;;;;;;;;;;;;;;;;;;;;;;;;;;;;;;;;;;;;;;;;;;;;;;;;;;;;;;;;;;;;;;;;;;;;;;;;;;;;;;;;;;;;;;;;;;;;;;;;;;;;;;;;;;;;;;;;;;;;;;;;;;;;;;;;;;;;;;;;;;;;;;;;;;;;;;;;;;;;;;;;;;;;;;;;;;;;;;;;;;;;;;;;;;;;;;;;;;;;;;;;;;;;;;;;;;;;;;;;;;;;;;;;;;;;;;;;;;;;;;;;;;;;;;;;;;;;;;;;;;;;;;;;;;;;;;;;;;;;;;;;;;;;;;;;;;;;;;;;;;;;;;;;;;;;;;;;;;;;;;;;;;;;;;;;;;;;;;;;;;;;;;;;;;;;;;;;;;;
;;;;;;;;;;;;;;;;;;;;;;;;;;;;;;;;;;;;;;;;;;;;;;;;;;;;;;;;;;;;;;;;;;;;;;;;;;;;;;;;;;;;;;;;;;;;;;;;;;;;;;;;;;;;;;;;;;;;;;;;;;;;;;;;;;;;;;;;;;;;;;;;;;;;;;;;;;;;;;;;;;;;;;;;;;;;;;;;;;;;;;;;;;;;;;;;;;;;;;;;;;;;;;;;;;;;;;;;;;;;;;;;;;;;;;;;;;;;;;;;;;;;;;;;;;;;;;;;;;;;;;;;;;;;;;;;;;;;;;;;;;;;;;;;;;;;;;;;;;;;;;;;;;;;;;;;;;;;;;;;;;;;;;;;;;;;;;;;;;;;;;;;;;;;;;;;;;;;;;;;;;;;;;;;;;;
;;;;;;;;;;;;;;;;;;;;;;;;;;;;;;;;;;;;;;;;;;;;;;;;;;;;;;;;;;;;;;;;;;;;;;;;;;;;;;;;;;;;;;;;;;;;;;;;;;;;;;;;;;;;;;;;;;;;;;;;;;;;;;;;;;;;;;;;;;;;;;;;;;;;;;;;;;;;;;;;;;;;;;;;;;;;;;;;;;;;;;;;;;;;;;;;;;;;;;;;;;;;;;;;;;;;;;;;;;;;;;;;;;;;;;;;;;;;;;;;;;;;;;;;;;;;;;;;;;;;;;;;;;;;;;;;;;;;;;;;;;;;;;;;;;;;;;;;;;;;;;;;;;;;;;;;;;;;;;;;;;;;;;;;;;;;;;;;;;;;;;;;;;;;;;;;;;;;;;;;;;;;;;;;;;;
;;;;;;;;;;;;;;;;;;;;;;;;;;;;;;;;;;;;;;;;;;;;;;;;;;;;;;;;;;;;;;;;;;;;;;;;;;;;;;;;;;;;;;;;;;;;;;;;;;;;;;;;;;;;;;;;;;;;;;;;;;;;;;;;;;;;;;;;;;;;;;;;;;;;;;;;;;;;;;;;;;;;;;;;;;;;;;;;;;;;;;;;;;;;;;;;;;;;;;;;;;;;;;;;;;;;;;;;;;;;;;;;;;;;;;;;;;;;;;;;;;;;;;;;;;;;;;;;;;;;;;;;;;;;;;;;;;;;;;;;;;;;;;;;;;;;;;;;;;;;;;;;;;;;;;;;;;;;;;;;;;;;;;;;;;;;;;;;;;;;;;;;;;;;;;;;;;;;;;;;;;;;;;;;;;;
;;;;;;;;;;;;;;;;;;;;;;;;;;;;;;;;;;;;;;;;;;;;;;;;;;;;;;;;;;;;;;;;;;;;;;;;;;;;;;;;;;;;;;;;;;;;;;;;;;;;;;;;;;;;;;;;;;;;;;;;;;;;;;;;;;;;;;;;;;;;;;;;;;;;;;;;;;;;;;;;;;;;;;;;;;;;;;;;;;;;;;;;;;;;;;;;;;;;;;;;;;;;;;;;;;;;;;;;;;;;;;;;;;;;;;;;;;;;;;;;;;;;;;;;;;;;;;;;;;;;;;;;;;;;;;;;;;;;;;;;;;;;;;;;;;;;;;;;;;;;;;;;;;;;;;;;;;;;;;;;;;;;;;;;;;;;;;;;;;;;;;;;;;;;;;;;;;;;;;;;;;;;;;;;;;;
;;;;;;;;;;;;;;;;;;;;;;;;;;;;;;;;;;;;;;;;;;;;;;;;;;;;;;;;;;;;;;;;;;;;;;;;;;;;;;;;;;;;;;;;;;;;;;;;;;;;;;;;;;;;;;;;;;;;;;;;;;;;;;;;;;;;;;;;;;;;;;;;;;;;;;;;;;;;;;;;;;;;;;;;;;;;;;;;;;;;;;;;;;;;;;;;;;;;;;;;;;;;;;;;;;;;;;;;;;;;;;;;;;;;;;;;;;;;;;;;;;;;;;;;;;;;;;;;;;;;;;;;;;;;;;;;;;;;;;;;;;;;;;;;;;;;;;;;;;;;;;;;;;;;;;;;;;;;;;;;;;;;;;;;;;;;;;;;;;;;;;;;;;;;;;;;;;;;;;;;;;;;;;;;;;;
;;;;;;;;;;;;;;;;;;;;;;;;;;;;;;;;;;;;;;;;;;;;;;;;;;;;;;;;;;;;;;;;;;;;;;;;;;;;;;;;;;;;;;;;;;;;;;;;;;;;;;;;;;;;;;;;;;;;;;;;;;;;;;;;;;;;;;;;;;;;;;;;;;;;;;;;;;;;;;;;;;;;;;;;;;;;;;;;;;;;;;;;;;;;;;;;;;;;;;;;;;;;;;;;;;;;;;;;;;;;;;;;;;;;;;;;;;;;;;;;;;;;;;;;;;;;;;;;;;;;;;;;;;;;;;;;;;;;;;;;;;;;;;;;;;;;;;;;;;;;;;;;;;;;;;;;;;;;;;;;;;;;;;;;;;;;;;;;;;;;;;;;;;;;;;;;;;;;;;;;;;;;;;;;;;;
;;;;;;;;;;;;;;;;;;;;;;;;;;;;;;;;;;;;;;;;;;;;;;;;;;;;;;;;;;;;;;;;;;;;;;;;;;;;;;;;;;;;;;;;;;;;;;;;;;;;;;;;;;;;;;;;;;;;;;;;;;;;;;;;;;;;;;;;;;;;;;;;;;;;;;;;;;;;;;;;;;;;;;;;;;;;;;;;;;;;;;;;;;;;;;;;;;;;;;;;;;;;;;;;;;;;;;;;;;;;;;;;;;;;;;;;;;;;;;;;;;;;;;;;;;;;;;;;;;;;;;;;;;;;;;;;;;;;;;;;;;;;;;;;;;;;;;;;;;;;;;;;;;;;;;;;;;;;;;;;;;;;;;;;;;;;;;;;;;;;;;;;;;;;;;;;;;;;;;;;;;;;;;;;;;;
;;;;;;;;;;;;;;;;;;;;;;;;;;;;;;;;;;;;;;;;;;;;;;;;;;;;;;;;;;;;;;;;;;;;;;;;;;;;;;;;;;;;;;;;;;;;;;;;;;;;;;;;;;;;;;;;;;;;;;;;;;;;;;;;;;;;;;;;;;;;;;;;;;;;;;;;;;;;;;;;;;;;;;;;;;;;;;;;;;;;;;;;;;;;;;;;;;;;;;;;;;;;;;;;;;;;;;;;;;;;;;;;;;;;;;;;;;;;;;;;;;;;;;;;;;;;;;;;;;;;;;;;;;;;;;;;;;;;;;;;;;;;;;;;;;;;;;;;;;;;;;;;;;;;;;;;;;;;;;;;;;;;;;;;;;;;;;;;;;;;;;;;;;;;;;;;;;;;;;;;;;;;;;;;;;;
;;;;;;;;;;;;;;;;;;;;;;;;;;;;;;;;;;;;;;;;;;;;;;;;;;;;;;;;;;;;;;;;;;;;;;;;;;;;;;;;;;;;;;;;;;;;;;;;;;;;;;;;;;;;;;;;;;;;;;;;;;;;;;;;;;;;;;;;;;;;;;;;;;;;;;;;;;;;;;;;;;;;;;;;;;;;;;;;;;;;;;;;;;;;;;;;;;;;;;;;;;;;;;;;;;;;;;;;;;;;;;;;;;;;;;;;;;;;;;;;;;;;;;;;;;;;;;;;;;;;;;;;;;;;;;;;;;;;;;;;;;;;;;;;;;;;;;;;;;;;;;;;;;;;;;;;;;;;;;;;;;;;;;;;;;;;;;;;;;;;;;;;;;;;;;;;;;;;;;;;;;;;;;;;;;;
;;;;;;;;;;;;;;;;;;;;;;;;;;;;;;;;;;;;;;;;;;;;;;;;;;;;;;;;;;;;;;;;;;;;;;;;;;;;;;;;;;;;;;;;;;;;;;;;;;;;;;;;;;;;;;;;;;;;;;;;;;;;;;;;;;;;;;;;;;;;;;;;;;;;;;;;;;;;;;;;;;;;;;;;;;;;;;;;;;;;;;;;;;;;;;;;;;;;;;;;;;;;;;;;;;;;;;;;;;;;;;;;;;;;;;;;;;;;;;;;;;;;;;;;;;;;;;;;;;;;;;;;;;;;;;;;;;;;;;;;;;;;;;;;;;;;;;;;;;;;;;;;;;;;;;;;;;;;;;;;;;;;;;;;;;;;;;;;;;;;;;;;;;;;;;;;;;;;;;;;;;;;;;;;;;;
;;;;;;;;;;;;;;;;;;;;;;;;;;;;;;;;;;;;;;;;;;;;;;;;;;;;;;;;;;;;;;;;;;;;;;;;;;;;;;;;;;;;;;;;;;;;;;;;;;;;;;;;;;;;;;;;;;;;;;;;;;;;;;;;;;;;;;;;;;;;;;;;;;;;;;;;;;;;;;;;;;;;;;;;;;;;;;;;;;;;;;;;;;;;;;;;;;;;;;;;;;;;;;;;;;;;;;;;;;;;;;;;;;;;;;;;;;;;;;;;;;;;;;;;;;;;;;;;;;;;;;;;;;;;;;;;;;;;;;;;;;;;;;;;;;;;;;;;;;;;;;;;;;;;;;;;;;;;;;;;;;;;;;;;;;;;;;;;;;;;;;;;;;;;;;;;;;;;;;;;;;;;;;;;;;;
;;;;;;;;;;;;;;;;;;;;;;;;;;;;;;;;;;;;;;;;;;;;;;;;;;;;;;;;;;;;;;;;;;;;;;;;;;;;;;;;;;;;;;;;;;;;;;;;;;;;;;;;;;;;;;;;;;;;;;;;;;;;;;;;;;;;;;;;;;;;;;;;;;;;;;;;;;;;;;;;;;;;;;;;;;;;;;;;;;;;;;;;;;;;;;;;;;;;;;;;;;;;;;;;;;;;;;;;;;;;;;;;;;;;;;;;;;;;;;;;;;;;;;;;;;;;;;;;;;;;;;;;;;;;;;;;;;;;;;;;;;;;;;;;;;;;;;;;;;;;;;;;;;;;;;;;;;;;;;;;;;;;;;;;;;;;;;;;;;;;;;;;;;;;;;;;;;;;;;;;;;;;;;;;;;;
;;;;;;;;;;;;;;;;;;;;;;;;;;;;;;;;;;;;;;;;;;;;;;;;;;;;;;;;;;;;;;;;;;;;;;;;;;;;;;;;;;;;;;;;;;;;;;;;;;;;;;;;;;;;;;;;;;;;;;;;;;;;;;;;;;;;;;;;;;;;;;;;;;;;;;;;;;;;;;;;;;;;;;;;;;;;;;;;;;;;;;;;;;;;;;;;;;;;;;;;;;;;;;;;;;;;;;;;;;;;;;;;;;;;;;;;;;;;;;;;;;;;;;;;;;;;;;;;;;;;;;;;;;;;;;;;;;;;;;;;;;;;;;;;;;;;;;;;;;;;;;;;;;;;;;;;;;;;;;;;;;;;;;;;;;;;;;;;;;;;;;;;;;;;;;;;;;;;;;;;;;;;;;;;;;;
;;;;;;;;;;;;;;;;;;;;;;;;;;;;;;;;;;;;;;;;;;;;;;;;;;;;;;;;;;;;;;;;;;;;;;;;;;;;;;;;;;;;;;;;;;;;;;;;;;;;;;;;;;;;;;;;;;;;;;;;;;;;;;;;;;;;;;;;;;;;;;;;;;;;;;;;;;;;;;;;;;;;;;;;;;;;;;;;;;;;;;;;;;;;;;;;;;;;;;;;;;;;;;;;;;;;;;;;;;;;;;;;;;;;;;;;;;;;;;;;;;;;;;;;;;;;;;;;;;;;;;;;;;;;;;;;;;;;;;;;;;;;;;;;;;;;;;;;;;;;;;;;;;;;;;;;;;;;;;;;;;;;;;;;;;;;;;;;;;;;;;;;;;;;;;;;;;;;;;;;;;;;;;;;;;;
;;;;;;;;;;;;;;;;;;;;;;;;;;;;;;;;;;;;;;;;;;;;;;;;;;;;;;;;;;;;;;;;;;;;;;;;;;;;;;;;;;;;;;;;;;;;;;;;;;;;;;;;;;;;;;;;;;;;;;;;;;;;;;;;;;;;;;;;;;;;;;;;;;;;;;;;;;;;;;;;;;;;;;;;;;;;;;;;;;;;;;;;;;;;;;;;;;;;;;;;;;;;;;;;;;;;;;;;;;;;;;;;;;;;;;;;;;;;;;;;;;;;;;;;;;;;;;;;;;;;;;;;;;;;;;;;;;;;;;;;;;;;;;;;;;;;;;;;;;;;;;;;;;;;;;;;;;;;;;;;;;;;;;;;;;;;;;;;;;;;;;;;;;;;;;;;;;;;;;;;;;;;;;;;;;;
;;;;;;;;;;;;;;;;;;;;;;;;;;;;;;;;;;;;;;;;;;;;;;;;;;;;;;;;;;;;;;;;;;;;;;;;;;;;;;;;;;;;;;;;;;;;;;;;;;;;;;;;;;;;;;;;;;;;;;;;;;;;;;;;;;;;;;;;;;;;;;;;;;;;;;;;;;;;;;;;;;;;;;;;;;;;;;;;;;;;;;;;;;;;;;;;;;;;;;;;;;;;;;;;;;;;;;;;;;;;;;;;;;;;;;;;;;;;;;;;;;;;;;;;;;;;;;;;;;;;;;;;;;;;;;;;;;;;;;;;;;;;;;;;;;;;;;;;;;;;;;;;;;;;;;;;;;;;;;;;;;;;;;;;;;;;;;;;;;;;;;;;;;;;;;;;;;;;;;;;;;;;;;;;;;;
;;;;;;;;;;;;;;;;;;;;;;;;;;;;;;;;;;;;;;;;;;;;;;;;;;;;;;;;;;;;;;;;;;;;;;;;;;;;;;;;;;;;;;;;;;;;;;;;;;;;;;;;;;;;;;;;;;;;;;;;;;;;;;;;;;;;;;;;;;;;;;;;;;;;;;;;;;;;;;;;;;;;;;;;;;;;;;;;;;;;;;;;;;;;;;;;;;;;;;;;;;;;;;;;;;;;;;;;;;;;;;;;;;;;;;;;;;;;;;;;;;;;;;;;;;;;;;;;;;;;;;;;;;;;;;;;;;;;;;;;;;;;;;;;;;;;;;;;;;;;;;;;;;;;;;;;;;;;;;;;;;;;;;;;;;;;;;;;;;;;;;;;;;;;;;;;;;;;;;;;;;;;;;;;;;;
;;;;;;;;;;;;;;;;;;;;;;;;;;;;;;;;;;;;;;;;;;;;;;;;;;;;;;;;;;;;;;;;;;;;;;;;;;;;;;;;;;;;;;;;;;;;;;;;;;;;;;;;;;;;;;;;;;;;;;;;;;;;;;;;;;;;;;;;;;;;;;;;;;;;;;;;;;;;;;;;;;;;;;;;;;;;;;;;;;;;;;;;;;;;;;;;;;;;;;;;;;;;;;;;;;;;;;;;;;;;;;;;;;;;;;;;;;;;;;;;;;;;;;;;;;;;;;;;;;;;;;;;;;;;;;;;;;;;;;;;;;;;;;;;;;;;;;;;;;;;;;;;;;;;;;;;;;;;;;;;;;;;;;;;;;;;;;;;;;;;;;;;;;;;;;;;;;;;;;;;;;;;;;;;;;;
;;;Roles;Legend;;;;;;;;;;;;;;;;;;;;;;;;;;;;;;;;;;;;;;;;;;;;;;;;;;;;;;;;;;;;;;;;;;;;;;;;;;;;;;;;;;;;;;;;;;;;;;;;;;;;;;;;;;;;;;;;;;;;;;;;;;;;;;;;;;;;;;;;;;;;;;;;;;;;;;;;;;;;;;;;;;;;;;;;;;;;;;;;;;;;;;;;;;;;;;;;;;;;;;;;;;;;;;;;;;;;;;;;;;;;;;;;;;;;;;;;;;;;;;;;;;;;;;;;;;;;;;;;;;;;;;;;;;;;;;;;;;;;;;;;;;;;;;;;;;;;;;;;;;;;;;;;;;;;;;;;;;;;;;;;;;;;;;;;;;;;;;;;;;;;;;;;;;;;;;;;;;;;;;;;;;;;;;;
;;;Voice;06:00 - 15:00;;;;;;;;;;;;;;;;;;;;;;;;;;;;;;;;;;;;;;;;;;;;;;;;;;;;;;;;;;;;;;;;;;;;;;;;;;;;;;;;;;;;;;;;;;;;;;;;;;;;;;;;;;;;;;;;;;;;;;;;;;;;;;;;;;;;;;;;;;;;;;;;;;;;;;;;;;;;;;;;;;;;;;;;;;;;;;;;;;;;;;;;;;;;;;;;;;;;;;;;;;;;;;;;;;;;;;;;;;;;;;;;;;;;;;;;;;;;;;;;;;;;;;;;;;;;;;;;;;;;;;;;;;;;;;;;;;;;;;;;;;;;;;;;;;;;;;;;;;;;;;;;;;;;;;;;;;;;;;;;;;;;;;;;;;;;;;;;;;;;;;;;;;;;;;;;;;;;;;;;;;;;;;;
;;;Booking Tool;07:00 - 16:00;;;;;;;;;;;;;;;;;;;;;;;;;;;;;;;;;;;;;;;;;;;;;;;;;;;;;;;;;;;;;;;;;;;;;;;;;;;;;;;;;;;;;;;;;;;;;;;;;;;;;;;;;;;;;;;;;;;;;;;;;;;;;;;;;;;;;;;;;;;;;;;;;;;;;;;;;;;;;;;;;;;;;;;;;;;;;;;;;;;;;;;;;;;;;;;;;;;;;;;;;;;;;;;;;;;;;;;;;;;;;;;;;;;;;;;;;;;;;;;;;;;;;;;;;;;;;;;;;;;;;;;;;;;;;;;;;;;;;;;;;;;;;;;;;;;;;;;;;;;;;;;;;;;;;;;;;;;;;;;;;;;;;;;;;;;;;;;;;;;;;;;;;;;;;;;;;;;;;;;;;;;;;;;
;;;SME;08:00 - 17:00;;;;;;;;;;;;;;;;;;;;;;;;;;;;;;;;;;;;;;;;;;;;;;;;;;;;;;;;;;;;;;;;;;;;;;;;;;;;;;;;;;;;;;;;;;;;;;;;;;;;;;;;;;;;;;;;;;;;;;;;;;;;;;;;;;;;;;;;;;;;;;;;;;;;;;;;;;;;;;;;;;;;;;;;;;;;;;;;;;;;;;;;;;;;;;;;;;;;;;;;;;;;;;;;;;;;;;;;;;;;;;;;;;;;;;;;;;;;;;;;;;;;;;;;;;;;;;;;;;;;;;;;;;;;;;;;;;;;;;;;;;;;;;;;;;;;;;;;;;;;;;;;;;;;;;;;;;;;;;;;;;;;;;;;;;;;;;;;;;;;;;;;;;;;;;;;;;;;;;;;;;;;;;;
;;;SSP;10:00 - 19:00;;;;;;;;;;;;;;;;;;;;;;;;;;;;;;;;;;;;;;;;;;;;;;;;;;;;;;;;;;;;;;;;;;;;;;;;;;;;;;;;;;;;;;;;;;;;;;;;;;;;;;;;;;;;;;;;;;;;;;;;;;;;;;;;;;;;;;;;;;;;;;;;;;;;;;;;;;;;;;;;;;;;;;;;;;;;;;;;;;;;;;;;;;;;;;;;;;;;;;;;;;;;;;;;;;;;;;;;;;;;;;;;;;;;;;;;;;;;;;;;;;;;;;;;;;;;;;;;;;;;;;;;;;;;;;;;;;;;;;;;;;;;;;;;;;;;;;;;;;;;;;;;;;;;;;;;;;;;;;;;;;;;;;;;;;;;;;;;;;;;;;;;;;;;;;;;;;;;;;;;;;;;;;;
;;;Bulk PWs;13:00 - 22:00;;;;;;;;;;;;;;;;;;;;;;;;;;;;;;;;;;;;;;;;;;;;;;;;;;;;;;;;;;;;;;;;;;;;;;;;;;;;;;;;;;;;;;;;;;;;;;;;;;;;;;;;;;;;;;;;;;;;;;;;;;;;;;;;;;;;;;;;;;;;;;;;;;;;;;;;;;;;;;;;;;;;;;;;;;;;;;;;;;;;;;;;;;;;;;;;;;;;;;;;;;;;;;;;;;;;;;;;;;;;;;;;;;;;;;;;;;;;;;;;;;;;;;;;;;;;;;;;;;;;;;;;;;;;;;;;;;;;;;;;;;;;;;;;;;;;;;;;;;;;;;;;;;;;;;;;;;;;;;;;;;;;;;;;;;;;;;;;;;;;;;;;;;;;;;;;;;;;;;;;;;;;;;;
;;;KM;07:00 - 11:00 15:30 - 19:00;;;;;;;;;;;;;;;;;;;;;;;;;;;;;;;;;;;;;;;;;;;;;;;;;;;;;;;;;;;;;;;;;;;;;;;;;;;;;;;;;;;;;;;;;;;;;;;;;;;;;;;;;;;;;;;;;;;;;;;;;;;;;;;;;;;;;;;;;;;;;;;;;;;;;;;;;;;;;;;;;;;;;;;;;;;;;;;;;;;;;;;;;;;;;;;;;;;;;;;;;;;;;;;;;;;;;;;;;;;;;;;;;;;;;;;;;;;;;;;;;;;;;;;;;;;;;;;;;;;;;;;;;;;;;;;;;;;;;;;;;;;;;;;;;;;;;;;;;;;;;;;;;;;;;;;;;;;;;;;;;;;;;;;;;;;;;;;;;;;;;;;;;;;;;;;;;;;;;;;;;;;;;;;
;;;PM;22:00 - 07:00;;;;;;;;;;;;;;;;;;;;;;;;;;;;;;;;;;;;;;;;;;;;;;;;;;;;;;;;;;;;;;;;;;;;;;;;;;;;;;;;;;;;;;;;;;;;;;;;;;;;;;;;;;;;;;;;;;;;;;;;;;;;;;;;;;;;;;;;;;;;;;;;;;;;;;;;;;;;;;;;;;;;;;;;;;;;;;;;;;;;;;;;;;;;;;;;;;;;;;;;;;;;;;;;;;;;;;;;;;;;;;;;;;;;;;;;;;;;;;;;;;;;;;;;;;;;;;;;;;;;;;;;;;;;;;;;;;;;;;;;;;;;;;;;;;;;;;;;;;;;;;;;;;;;;;;;;;;;;;;;;;;;;;;;;;;;;;;;;;;;;;;;;;;;;;;;;;;;;;;;;;;;;;;
;;;Dispatcher;08:00 - 12:00;;;;;;;;;;;;;;;;;;;;;;;;;;;;;;;;;;;;;;;;;;;;;;;;;;;;;;;;;;;;;;;;;;;;;;;;;;;;;;;;;;;;;;;;;;;;;;;;;;;;;;;;;;;;;;;;;;;;;;;;;;;;;;;;;;;;;;;;;;;;;;;;;;;;;;;;;;;;;;;;;;;;;;;;;;;;;;;;;;;;;;;;;;;;;;;;;;;;;;;;;;;;;;;;;;;;;;;;;;;;;;;;;;;;;;;;;;;;;;;;;;;;;;;;;;;;;;;;;;;;;;;;;;;;;;;;;;;;;;;;;;;;;;;;;;;;;;;;;;;;;;;;;;;;;;;;;;;;;;;;;;;;;;;;;;;;;;;;;;;;;;;;;;;;;;;;;;;;;;;;;;;;;;;
;;;Trainer;08:00 - 13:00;;;;;;;;;;;;;;;;;;;;;;;;;;;;;;;;;;;;;;;;;;;;;;;;;;;;;;;;;;;;;;;;;;;;;;;;;;;;;;;;;;;;;;;;;;;;;;;;;;;;;;;;;;;;;;;;;;;;;;;;;;;;;;;;;;;;;;;;;;;;;;;;;;;;;;;;;;;;;;;;;;;;;;;;;;;;;;;;;;;;;;;;;;;;;;;;;;;;;;;;;;;;;;;;;;;;;;;;;;;;;;;;;;;;;;;;;;;;;;;;;;;;;;;;;;;;;;;;;;;;;;;;;;;;;;;;;;;;;;;;;;;;;;;;;;;;;;;;;;;;;;;;;;;;;;;;;;;;;;;;;;;;;;;;;;;;;;;;;;;;;;;;;;;;;;;;;;;;;;;;;;;;;;;
;;;VWIC;08:00 - 14:00;;;;;;;;;;;;;;;;;;;;;;;;;;;;;;;;;;;;;;;;;;;;;;;;;;;;;;;;;;;;;;;;;;;;;;;;;;;;;;;;;;;;;;;;;;;;;;;;;;;;;;;;;;;;;;;;;;;;;;;;;;;;;;;;;;;;;;;;;;;;;;;;;;;;;;;;;;;;;;;;;;;;;;;;;;;;;;;;;;;;;;;;;;;;;;;;;;;;;;;;;;;;;;;;;;;;;;;;;;;;;;;;;;;;;;;;;;;;;;;;;;;;;;;;;;;;;;;;;;;;;;;;;;;;;;;;;;;;;;;;;;;;;;;;;;;;;;;;;;;;;;;;;;;;;;;;;;;;;;;;;;;;;;;;;;;;;;;;;;;;;;;;;;;;;;;;;;;;;;;;;;;;;;;
;;;WIC                                 08:00 - 17:00;09:00 - 15:00;;;;;;;;;;;;;;;;;;;;;;;;;;;;;;;;;;;;;;;;;;;;;;;;;;;;;;;;;;;;;;;;;;;;;;;;;;;;;;;;;;;;;;;;;;;;;;;;;;;;;;;;;;;;;;;;;;;;;;;;;;;;;;;;;;;;;;;;;;;;;;;;;;;;;;;;;;;;;;;;;;;;;;;;;;;;;;;;;;;;;;;;;;;;;;;;;;;;;;;;;;;;;;;;;;;;;;;;;;;;;;;;;;;;;;;;;;;;;;;;;;;;;;;;;;;;;;;;;;;;;;;;;;;;;;;;;;;;;;;;;;;;;;;;;;;;;;;;;;;;;;;;;;;;;;;;;;;;;;;;;;;;;;;;;;;;;;;;;;;;;;;;;;;;;;;;;;;;;;;;;;;;;;;
;;;Chat;13:00 - 17:00;;;;;;;;;;;;;;;;;;;;;;;;;;;;;;;;;;;;;;;;;;;;;;;;;;;;;;;;;;;;;;;;;;;;;;;;;;;;;;;;;;;;;;;;;;;;;;;;;;;;;;;;;;;;;;;;;;;;;;;;;;;;;;;;;;;;;;;;;;;;;;;;;;;;;;;;;;;;;;;;;;;;;;;;;;;;;;;;;;;;;;;;;;;;;;;;;;;;;;;;;;;;;;;;;;;;;;;;;;;;;;;;;;;;;;;;;;;;;;;;;;;;;;;;;;;;;;;;;;;;;;;;;;;;;;;;;;;;;;;;;;;;;;;;;;;;;;;;;;;;;;;;;;;;;;;;;;;;;;;;;;;;;;;;;;;;;;;;;;;;;;;;;;;;;;;;;;;;;;;;;;;;;;;
;;;Translation calls;08:30 - 14:00;;;;;;;;;;;;;;;;;;;;;;;;;;;;;;;;;;;;;;;;;;;;;;;;;;;;;;;;;;;;;;;;;;;;;;;;;;;;;;;;;;;;;;;;;;;;;;;;;;;;;;;;;;;;;;;;;;;;;;;;;;;;;;;;;;;;;;;;;;;;;;;;;;;;;;;;;;;;;;;;;;;;;;;;;;;;;;;;;;;;;;;;;;;;;;;;;;;;;;;;;;;;;;;;;;;;;;;;;;;;;;;;;;;;;;;;;;;;;;;;;;;;;;;;;;;;;;;;;;;;;;;;;;;;;;;;;;;;;;;;;;;;;;;;;;;;;;;;;;;;;;;;;;;;;;;;;;;;;;;;;;;;;;;;;;;;;;;;;;;;;;;;;;;;;;;;;;;;;;;;;;;;;;;
;;;Backoffice;07:00 - 15:00;;;;;;;;;;;;;;;;;;;;;;;;;;;;;;;;;;;;;;;;;;;;;;;;;;;;;;;;;;;;;;;;;;;;;;;;;;;;;;;;;;;;;;;;;;;;;;;;;;;;;;;;;;;;;;;;;;;;;;;;;;;;;;;;;;;;;;;;;;;;;;;;;;;;;;;;;;;;;;;;;;;;;;;;;;;;;;;;;;;;;;;;;;;;;;;;;;;;;;;;;;;;;;;;;;;;;;;;;;;;;;;;;;;;;;;;;;;;;;;;;;;;;;;;;;;;;;;;;;;;;;;;;;;;;;;;;;;;;;;;;;;;;;;;;;;;;;;;;;;;;;;;;;;;;;;;;;;;;;;;;;;;;;;;;;;;;;;;;;;;;;;;;;;;;;;;;;;;;;;;;;;;;;;
;;;;08:00 - 16:00;;;;;;;;;;;;;;;;;;;;;;;;;;;;;;;;;;;;;;;;;;;;;;;;;;;;;;;;;;;;;;;;;;;;;;;;;;;;;;;;;;;;;;;;;;;;;;;;;;;;;;;;;;;;;;;;;;;;;;;;;;;;;;;;;;;;;;;;;;;;;;;;;;;;;;;;;;;;;;;;;;;;;;;;;;;;;;;;;;;;;;;;;;;;;;;;;;;;;;;;;;;;;;;;;;;;;;;;;;;;;;;;;;;;;;;;;;;;;;;;;;;;;;;;;;;;;;;;;;;;;;;;;;;;;;;;;;;;;;;;;;;;;;;;;;;;;;;;;;;;;;;;;;;;;;;;;;;;;;;;;;;;;;;;;;;;;;;;;;;;;;;;;;;;;;;;;;;;;;;;;;;;;;;
;;;;09:00 - 15:00;;;;;;;;;;;;;;;;;;;;;;;;;;;;;;;;;;;;;;;;;;;;;;;;;;;;;;;;;;;;;;;;;;;;;;;;;;;;;;;;;;;;;;;;;;;;;;;;;;;;;;;;;;;;;;;;;;;;;;;;;;;;;;;;;;;;;;;;;;;;;;;;;;;;;;;;;;;;;;;;;;;;;;;;;;;;;;;;;;;;;;;;;;;;;;;;;;;;;;;;;;;;;;;;;;;;;;;;;;;;;;;;;;;;;;;;;;;;;;;;;;;;;;;;;;;;;;;;;;;;;;;;;;;;;;;;;;;;;;;;;;;;;;;;;;;;;;;;;;;;;;;;;;;;;;;;;;;;;;;;;;;;;;;;;;;;;;;;;;;;;;;;;;;;;;;;;;;;;;;;;;;;;;;
;;;;07:00 - 13:00;;;;;;;;;;;;;;;;;;;;;;;;;;;;;;;;;;;;;;;;;;;;;;;;;;;;;;;;;;;;;;;;;;;;;;;;;;;;;;;;;;;;;;;;;;;;;;;;;;;;;;;;;;;;;;;;;;;;;;;;;;;;;;;;;;;;;;;;;;;;;;;;;;;;;;;;;;;;;;;;;;;;;;;;;;;;;;;;;;;;;;;;;;;;;;;;;;;;;;;;;;;;;;;;;;;;;;;;;;;;;;;;;;;;;;;;;;;;;;;;;;;;;;;;;;;;;;;;;;;;;;;;;;;;;;;;;;;;;;;;;;;;;;;;;;;;;;;;;;;;;;;;;;;;;;;;;;;;;;;;;;;;;;;;;;;;;;;;;;;;;;;;;;;;;;;;;;;;;;;;;;;;;;;
;;;;11:00 - 17:00;;;;;;;;;;;;;;;;;;;;;;;;;;;;;;;;;;;;;;;;;;;;;;;;;;;;;;;;;;;;;;;;;;;;;;;;;;;;;;;;;;;;;;;;;;;;;;;;;;;;;;;;;;;;;;;;;;;;;;;;;;;;;;;;;;;;;;;;;;;;;;;;;;;;;;;;;;;;;;;;;;;;;;;;;;;;;;;;;;;;;;;;;;;;;;;;;;;;;;;;;;;;;;;;;;;;;;;;;;;;;;;;;;;;;;;;;;;;;;;;;;;;;;;;;;;;;;;;;;;;;;;;;;;;;;;;;;;;;;;;;;;;;;;;;;;;;;;;;;;;;;;;;;;;;;;;;;;;;;;;;;;;;;;;;;;;;;;;;;;;;;;;;;;;;;;;;;;;;;;;;;;;;;;
;;;;10:00 - 17:00;;;;;;;;;;;;;;;;;;;;;;;;;;;;;;;;;;;;;;;;;;;;;;;;;;;;;;;;;;;;;;;;;;;;;;;;;;;;;;;;;;;;;;;;;;;;;;;;;;;;;;;;;;;;;;;;;;;;;;;;;;;;;;;;;;;;;;;;;;;;;;;;;;;;;;;;;;;;;;;;;;;;;;;;;;;;;;;;;;;;;;;;;;;;;;;;;;;;;;;;;;;;;;;;;;;;;;;;;;;;;;;;;;;;;;;;;;;;;;;;;;;;;;;;;;;;;;;;;;;;;;;;;;;;;;;;;;;;;;;;;;;;;;;;;;;;;;;;;;;;;;;;;;;;;;;;;;;;;;;;;;;;;;;;;;;;;;;;;;;;;;;;;;;;;;;;;;;;;;;;;;;;;;;
;;;;07:00 - 11:00;;;;;;;;;;;;;;;;;;;;;;;;;;;;;;;;;;;;;;;;;;;;;;;;;;;;;;;;;;;;;;;;;;;;;;;;;;;;;;;;;;;;;;;;;;;;;;;;;;;;;;;;;;;;;;;;;;;;;;;;;;;;;;;;;;;;;;;;;;;;;;;;;;;;;;;;;;;;;;;;;;;;;;;;;;;;;;;;;;;;;;;;;;;;;;;;;;;;;;;;;;;;;;;;;;;;;;;;;;;;;;;;;;;;;;;;;;;;;;;;;;;;;;;;;;;;;;;;;;;;;;;;;;;;;;;;;;;;;;;;;;;;;;;;;;;;;;;;;;;;;;;;;;;;;;;;;;;;;;;;;;;;;;;;;;;;;;;;;;;;;;;;;;;;;;;;;;;;;;;;;;;;;;;
;;;;HSL *;;;;;;;;;;;;;;;;;;;;;;;;;;;;;;;;;;;;;;;;;;;;;;;;;;;;;;;;;;;;;;;;;;;;;;;;;;;;;;;;;;;;;;;;;;;;;;;;;;;;;;;;;;;;;;;;;;;;;;;;;;;;;;;;;;;;;;;;;;;;;;;;;;;;;;;;;;;;;;;;;;;;;;;;;;;;;;;;;;;;;;;;;;;;;;;;;;;;;;;;;;;;;;;;;;;;;;;;;;;;;;;;;;;;;;;;;;;;;;;;;;;;;;;;;;;;;;;;;;;;;;;;;;;;;;;;;;;;;;;;;;;;;;;;;;;;;;;;;;;;;;;;;;;;;;;;;;;;;;;;;;;;;;;;;;;;;;;;;;;;;;;;;;;;;;;;;;;;;;;;;;;;;;;
;;;;* HSL;;;;;;;;;;;;;;;;;;;;;;;;;;;;;;;;;;;;;;;;;;;;;;;;;;;;;;;;;;;;;;;;;;;;;;;;;;;;;;;;;;;;;;;;;;;;;;;;;;;;;;;;;;;;;;;;;;;;;;;;;;;;;;;;;;;;;;;;;;;;;;;;;;;;;;;;;;;;;;;;;;;;;;;;;;;;;;;;;;;;;;;;;;;;;;;;;;;;;;;;;;;;;;;;;;;;;;;;;;;;;;;;;;;;;;;;;;;;;;;;;;;;;;;;;;;;;;;;;;;;;;;;;;;;;;;;;;;;;;;;;;;;;;;;;;;;;;;;;;;;;;;;;;;;;;;;;;;;;;;;;;;;;;;;;;;;;;;;;;;;;;;;;;;;;;;;;;;;;;;;;;;;;;;
;;;;LPH;;;;;;;;;;;;;;;;;;;;;;;;;;;;;;;;;;;;;;;;;;;;;;;;;;;;;;;;;;;;;;;;;;;;;;;;;;;;;;;;;;;;;;;;;;;;;;;;;;;;;;;;;;;;;;;;;;;;;;;;;;;;;;;;;;;;;;;;;;;;;;;;;;;;;;;;;;;;;;;;;;;;;;;;;;;;;;;;;;;;;;;;;;;;;;;;;;;;;;;;;;;;;;;;;;;;;;;;;;;;;;;;;;;;;;;;;;;;;;;;;;;;;;;;;;;;;;;;;;;;;;;;;;;;;;;;;;;;;;;;;;;;;;;;;;;;;;;;;;;;;;;;;;;;;;;;;;;;;;;;;;;;;;;;;;;;;;;;;;;;;;;;;;;;;;;;;;;;;;;;;;;;;;;
;;;;PH;;;;;;;;;;;;;;;;;;;;;;;;;;;;;;;;;;;;;;;;;;;;;;;;;;;;;;;;;;;;;;;;;;;;;;;;;;;;;;;;;;;;;;;;;;;;;;;;;;;;;;;;;;;;;;;;;;;;;;;;;;;;;;;;;;;;;;;;;;;;;;;;;;;;;;;;;;;;;;;;;;;;;;;;;;;;;;;;;;;;;;;;;;;;;;;;;;;;;;;;;;;;;;;;;;;;;;;;;;;;;;;;;;;;;;;;;;;;;;;;;;;;;;;;;;;;;;;;;;;;;;;;;;;;;;;;;;;;;;;;;;;;;;;;;;;;;;;;;;;;;;;;;;;;;;;;;;;;;;;;;;;;;;;;;;;;;;;;;;;;;;;;;;;;;;;;;;;;;;;;;;;;;;;
;;;;AL;;;;;;;;;;;;;;;;;;;;;;;;;;;;;;;;;;;;;;;;;;;;;;;;;;;;;;;;;;;;;;;;;;;;;;;;;;;;;;;;;;;;;;;;;;;;;;;;;;;;;;;;;;;;;;;;;;;;;;;;;;;;;;;;;;;;;;;;;;;;;;;;;;;;;;;;;;;;;;;;;;;;;;;;;;;;;;;;;;;;;;;;;;;;;;;;;;;;;;;;;;;;;;;;;;;;;;;;;;;;;;;;;;;;;;;;;;;;;;;;;;;;;;;;;;;;;;;;;;;;;;;;;;;;;;;;;;;;;;;;;;;;;;;;;;;;;;;;;;;;;;;;;;;;;;;;;;;;;;;;;;;;;;;;;;;;;;;;;;;;;;;;;;;;;;;;;;;;;;;;;;;;;;;
;;;;HAL *;;;;;;;;;;;;;;;;;;;;;;;;;;;;;;;;;;;;;;;;;;;;;;;;;;;;;;;;;;;;;;;;;;;;;;;;;;;;;;;;;;;;;;;;;;;;;;;;;;;;;;;;;;;;;;;;;;;;;;;;;;;;;;;;;;;;;;;;;;;;;;;;;;;;;;;;;;;;;;;;;;;;;;;;;;;;;;;;;;;;;;;;;;;;;;;;;;;;;;;;;;;;;;;;;;;;;;;;;;;;;;;;;;;;;;;;;;;;;;;;;;;;;;;;;;;;;;;;;;;;;;;;;;;;;;;;;;;;;;;;;;;;;;;;;;;;;;;;;;;;;;;;;;;;;;;;;;;;;;;;;;;;;;;;;;;;;;;;;;;;;;;;;;;;;;;;;;;;;;;;;;;;;;;
;;;;* HAL ;;;;;;;;;;;;;;;;;;;;;;;;;;;;;;;;;;;;;;;;;;;;;;;;;;;;;;;;;;;;;;;;;;;;;;;;;;;;;;;;;;;;;;;;;;;;;;;;;;;;;;;;;;;;;;;;;;;;;;;;;;;;;;;;;;;;;;;;;;;;;;;;;;;;;;;;;;;;;;;;;;;;;;;;;;;;;;;;;;;;;;;;;;;;;;;;;;;;;;;;;;;;;;;;;;;;;;;;;;;;;;;;;;;;;;;;;;;;;;;;;;;;;;;;;;;;;;;;;;;;;;;;;;;;;;;;;;;;;;;;;;;;;;;;;;;;;;;;;;;;;;;;;;;;;;;;;;;;;;;;;;;;;;;;;;;;;;;;;;;;;;;;;;;;;;;;;;;;;;;;;;;;;;;
;;;;Settings;;;;;;;;;;;;;;;;;;;;;;;;;;;;;;;;;;;;;;;;;;;;;;;;;;;;;;;;;;;;;;;;;;;;;;;;;;;;;;;;;;;;;;;;;;;;;;;;;;;;;;;;;;;;;;;;;;;;;;;;;;;;;;;;;;;;;;;;;;;;;;;;;;;;;;;;;;;;;;;;;;;;;;;;;;;;;;;;;;;;;;;;;;;;;;;;;;;;;;;;;;;;;;;;;;;;;;;;;;;;;;;;;;;;;;;;;;;;;;;;;;;;;;;;;;;;;;;;;;;;;;;;;;;;;;;;;;;;;;;;;;;;;;;;;;;;;;;;;;;;;;;;;;;;;;;;;;;;;;;;;;;;;;;;;;;;;;;;;;;;;;;;;;;;;;;;;;;;;;;;;;;;;;;
;;;;SL;;;;;;;;;;;;;;;;;;;;;;;;;;;;;;;;;;;;;;;;;;;;;;;;;;;;;;;;;;;;;;;;;;;;;;;;;;;;;;;;;;;;;;;;;;;;;;;;;;;;;;;;;;;;;;;;;;;;;;;;;;;;;;;;;;;;;;;;;;;;;;;;;;;;;;;;;;;;;;;;;;;;;;;;;;;;;;;;;;;;;;;;;;;;;;;;;;;;;;;;;;;;;;;;;;;;;;;;;;;;;;;;;;;;;;;;;;;;;;;;;;;;;;;;;;;;;;;;;;;;;;;;;;;;;;;;;;;;;;;;;;;;;;;;;;;;;;;;;;;;;;;;;;;;;;;;;;;;;;;;;;;;;;;;;;;;;;;;;;;;;;;;;;;;;;;;;;;;;;;;;;;;;;;
;;;;OL;;;;;;;;;;;;;;;;;;;;;;;;;;;;;;;;;;;;;;;;;;;;;;;;;;;;;;;;;;;;;;;;;;;;;;;;;;;;;;;;;;;;;;;;;;;;;;;;;;;;;;;;;;;;;;;;;;;;;;;;;;;;;;;;;;;;;;;;;;;;;;;;;;;;;;;;;;;;;;;;;;;;;;;;;;;;;;;;;;;;;;;;;;;;;;;;;;;;;;;;;;;;;;;;;;;;;;;;;;;;;;;;;;;;;;;;;;;;;;;;;;;;;;;;;;;;;;;;;;;;;;;;;;;;;;;;;;;;;;;;;;;;;;;;;;;;;;;;;;;;;;;;;;;;;;;;;;;;;;;;;;;;;;;;;;;;;;;;;;;;;;;;;;;;;;;;;;;;;;;;;;;;;;;
;;;;UL;;;;;;;;;;;;;;;;;;;;;;;;;;;;;;;;;;;;;;;;;;;;;;;;;;;;;;;;;;;;;;;;;;;;;;;;;;;;;;;;;;;;;;;;;;;;;;;;;;;;;;;;;;;;;;;;;;;;;;;;;;;;;;;;;;;;;;;;;;;;;;;;;;;;;;;;;;;;;;;;;;;;;;;;;;;;;;;;;;;;;;;;;;;;;;;;;;;;;;;;;;;;;;;;;;;;;;;;;;;;;;;;;;;;;;;;;;;;;;;;;;;;;;;;;;;;;;;;;;;;;;;;;;;;;;;;;;;;;;;;;;;;;;;;;;;;;;;;;;;;;;;;;;;;;;;;;;;;;;;;;;;;;;;;;;;;;;;;;;;;;;;;;;;;;;;;;;;;;;;;;;;;;;;
;;;;Training;;;;;;;;;;;;;;;;;;;;;;;;;;;;;;;;;;;;;;;;;;;;;;;;;;;;;;;;;;;;;;;;;;;;;;;;;;;;;;;;;;;;;;;;;;;;;;;;;;;;;;;;;;;;;;;;;;;;;;;;;;;;;;;;;;;;;;;;;;;;;;;;;;;;;;;;;;;;;;;;;;;;;;;;;;;;;;;;;;;;;;;;;;;;;;;;;;;;;;;;;;;;;;;;;;;;;;;;;;;;;;;;;;;;;;;;;;;;;;;;;;;;;;;;;;;;;;;;;;;;;;;;;;;;;;;;;;;;;;;;;;;;;;;;;;;;;;;;;;;;;;;;;;;;;;;;;;;;;;;;;;;;;;;;;;;;;;;;;;;;;;;;;;;;;;;;;;;;;;;;;;;;;;;
;;;;OFF;;;;;;;;;;;;;;;;;;;;;;;;;;;;;;;;;;;;;;;;;;;;;;;;;;;;;;;;;;;;;;;;;;;;;;;;;;;;;;;;;;;;;;;;;;;;;;;;;;;;;;;;;;;;;;;;;;;;;;;;;;;;;;;;;;;;;;;;;;;;;;;;;;;;;;;;;;;;;;;;;;;;;;;;;;;;;;;;;;;;;;;;;;;;;;;;;;;;;;;;;;;;;;;;;;;;;;;;;;;;;;;;;;;;;;;;;;;;;;;;;;;;;;;;;;;;;;;;;;;;;;;;;;;;;;;;;;;;;;;;;;;;;;;;;;;;;;;;;;;;;;;;;;;;;;;;;;;;;;;;;;;;;;;;;;;;;;;;;;;;;;;;;;;;;;;;;;;;;;;;;;;;;;;
;;;;OFFWE;;;;;;;;;;;;;;;;;;;;;;;;;;;;;;;;;;;;;;;;;;;;;;;;;;;;;;;;;;;;;;;;;;;;;;;;;;;;;;;;;;;;;;;;;;;;;;;;;;;;;;;;;;;;;;;;;;;;;;;;;;;;;;;;;;;;;;;;;;;;;;;;;;;;;;;;;;;;;;;;;;;;;;;;;;;;;;;;;;;;;;;;;;;;;;;;;;;;;;;;;;;;;;;;;;;;;;;;;;;;;;;;;;;;;;;;;;;;;;;;;;;;;;;;;;;;;;;;;;;;;;;;;;;;;;;;;;;;;;;;;;;;;;;;;;;;;;;;;;;;;;;;;;;;;;;;;;;;;;;;;;;;;;;;;;;;;;;;;;;;;;;;;;;;;;;;;;;;;;;;;;;;;;;
;;;;CD;;;;;;;;;;;;;;;;;;;;;;;;;;;;;;;;;;;;;;;;;;;;;;;;;;;;;;;;;;;;;;;;;;;;;;;;;;;;;;;;;;;;;;;;;;;;;;;;;;;;;;;;;;;;;;;;;;;;;;;;;;;;;;;;;;;;;;;;;;;;;;;;;;;;;;;;;;;;;;;;;;;;;;;;;;;;;;;;;;;;;;;;;;;;;;;;;;;;;;;;;;;;;;;;;;;;;;;;;;;;;;;;;;;;;;;;;;;;;;;;;;;;;;;;;;;;;;;;;;;;;;;;;;;;;;;;;;;;;;;;;;;;;;;;;;;;;;;;;;;;;;;;;;;;;;;;;;;;;;;;;;;;;;;;;;;;;;;;;;;;;;;;;;;;;;;;;;;;;;;;;;;;;;;
;;;;HCD *;;;;;;;;;;;;;;;;;;;;;;;;;;;;;;;;;;;;;;;;;;;;;;;;;;;;;;;;;;;;;;;;;;;;;;;;;;;;;;;;;;;;;;;;;;;;;;;;;;;;;;;;;;;;;;;;;;;;;;;;;;;;;;;;;;;;;;;;;;;;;;;;;;;;;;;;;;;;;;;;;;;;;;;;;;;;;;;;;;;;;;;;;;;;;;;;;;;;;;;;;;;;;;;;;;;;;;;;;;;;;;;;;;;;;;;;;;;;;;;;;;;;;;;;;;;;;;;;;;;;;;;;;;;;;;;;;;;;;;;;;;;;;;;;;;;;;;;;;;;;;;;;;;;;;;;;;;;;;;;;;;;;;;;;;;;;;;;;;;;;;;;;;;;;;;;;;;;;;;;;;;;;;;;
;;;;* HCD;;;;;;;;;;;;;;;;;;;;;;;;;;;;;;;;;;;;;;;;;;;;;;;;;;;;;;;;;;;;;;;;;;;;;;;;;;;;;;;;;;;;;;;;;;;;;;;;;;;;;;;;;;;;;;;;;;;;;;;;;;;;;;;;;;;;;;;;;;;;;;;;;;;;;;;;;;;;;;;;;;;;;;;;;;;;;;;;;;;;;;;;;;;;;;;;;;;;;;;;;;;;;;;;;;;;;;;;;;;;;;;;;;;;;;;;;;;;;;;;;;;;;;;;;;;;;;;;;;;;;;;;;;;;;;;;;;;;;;;;;;;;;;;;;;;;;;;;;;;;;;;;;;;;;;;;;;;;;;;;;;;;;;;;;;;;;;;;;;;;;;;;;;;;;;;;;;;;;;;;;;;;;;;
;;;;15:00 - 17:00;;;;;;;;;;;;;;;;;;;;;;;;;;;;;;;;;;;;;;;;;;;;;;;;;;;;;;;;;;;;;;;;;;;;;;;;;;;;;;;;;;;;;;;;;;;;;;;;;;;;;;;;;;;;;;;;;;;;;;;;;;;;;;;;;;;;;;;;;;;;;;;;;;;;;;;;;;;;;;;;;;;;;;;;;;;;;;;;;;;;;;;;;;;;;;;;;;;;;;;;;;;;;;;;;;;;;;;;;;;;;;;;;;;;;;;;;;;;;;;;;;;;;;;;;;;;;;;;;;;;;;;;;;;;;;;;;;;;;;;;;;;;;;;;;;;;;;;;;;;;;;;;;;;;;;;;;;;;;;;;;;;;;;;;;;;;;;;;;;;;;;;;;;;;;;;;;;;;;;;;;;;;;;;
;;;;08:00 - 10:00 15:00 - 17:00;;;;;;;;;;;;;;;;;;;;;;;;;;;;;;;;;;;;;;;;;;;;;;;;;;;;;;;;;;;;;;;;;;;;;;;;;;;;;;;;;;;;;;;;;;;;;;;;;;;;;;;;;;;;;;;;;;;;;;;;;;;;;;;;;;;;;;;;;;;;;;;;;;;;;;;;;;;;;;;;;;;;;;;;;;;;;;;;;;;;;;;;;;;;;;;;;;;;;;;;;;;;;;;;;;;;;;;;;;;;;;;;;;;;;;;;;;;;;;;;;;;;;;;;;;;;;;;;;;;;;;;;;;;;;;;;;;;;;;;;;;;;;;;;;;;;;;;;;;;;;;;;;;;;;;;;;;;;;;;;;;;;;;;;;;;;;;;;;;;;;;;;;;;;;;;;;;;;;;;;;;;;;;;
;;;;08:00 - 10:00 16:00 - 17:00;;;;;;;;;;;;;;;;;;;;;;;;;;;;;;;;;;;;;;;;;;;;;;;;;;;;;;;;;;;;;;;;;;;;;;;;;;;;;;;;;;;;;;;;;;;;;;;;;;;;;;;;;;;;;;;;;;;;;;;;;;;;;;;;;;;;;;;;;;;;;;;;;;;;;;;;;;;;;;;;;;;;;;;;;;;;;;;;;;;;;;;;;;;;;;;;;;;;;;;;;;;;;;;;;;;;;;;;;;;;;;;;;;;;;;;;;;;;;;;;;;;;;;;;;;;;;;;;;;;;;;;;;;;;;;;;;;;;;;;;;;;;;;;;;;;;;;;;;;;;;;;;;;;;;;;;;;;;;;;;;;;;;;;;;;;;;;;;;;;;;;;;;;;;;;;;;;;;;;;;;;;;;;;
;;;;09:00 - 17:00;;;;;;;;;;;;;;;;;;;;;;;;;;;;;;;;;;;;;;;;;;;;;;;;;;;;;;;;;;;;;;;;;;;;;;;;;;;;;;;;;;;;;;;;;;;;;;;;;;;;;;;;;;;;;;;;;;;;;;;;;;;;;;;;;;;;;;;;;;;;;;;;;;;;;;;;;;;;;;;;;;;;;;;;;;;;;;;;;;;;;;;;;;;;;;;;;;;;;;;;;;;;;;;;;;;;;;;;;;;;;;;;;;;;;;;;;;;;;;;;;;;;;;;;;;;;;;;;;;;;;;;;;;;;;;;;;;;;;;;;;;;;;;;;;;;;;;;;;;;;;;;;;;;;;;;;;;;;;;;;;;;;;;;;;;;;;;;;;;;;;;;;;;;;;;;;;;;;;;;;;;;;;;;
;;;;11:00 - 15:00;;;;;;;;;;;;;;;;;;;;;;;;;;;;;;;;;;;;;;;;;;;;;;;;;;;;;;;;;;;;;;;;;;;;;;;;;;;;;;;;;;;;;;;;;;;;;;;;;;;;;;;;;;;;;;;;;;;;;;;;;;;;;;;;;;;;;;;;;;;;;;;;;;;;;;;;;;;;;;;;;;;;;;;;;;;;;;;;;;;;;;;;;;;;;;;;;;;;;;;;;;;;;;;;;;;;;;;;;;;;;;;;;;;;;;;;;;;;;;;;;;;;;;;;;;;;;;;;;;;;;;;;;;;;;;;;;;;;;;;;;;;;;;;;;;;;;;;;;;;;;;;;;;;;;;;;;;;;;;;;;;;;;;;;;;;;;;;;;;;;;;;;;;;;;;;;;;;;;;;;;;;;;;;
;;;;WIC                                               08:00 - 17:00;;;;;;;;;;;;;;;;;;;;;;;;;;;;;;;;;;;;;;;;;;;;;;;;;;;;;;;;;;;;;;;;;;;;;;;;;;;;;;;;;;;;;;;;;;;;;;;;;;;;;;;;;;;;;;;;;;;;;;;;;;;;;;;;;;;;;;;;;;;;;;;;;;;;;;;;;;;;;;;;;;;;;;;;;;;;;;;;;;;;;;;;;;;;;;;;;;;;;;;;;;;;;;;;;;;;;;;;;;;;;;;;;;;;;;;;;;;;;;;;;;;;;;;;;;;;;;;;;;;;;;;;;;;;;;;;;;;;;;;;;;;;;;;;;;;;;;;;;;;;;;;;;;;;;;;;;;;;;;;;;;;;;;;;;;;;;;;;;;;;;;;;;;;;;;;;;;;;;;;;;;;;;;;
